ticker,composer,rep,beta_eff,flag,seed,f,r2_threshold,gm_factor,α_hat,β_hat,R²_hat,ks_p,ad_p,w1,hill_up,kurt,var_g
A,garch_t,1,1.0342691045106978,GARCH_T,1234,0.1,0.8,1.0,0.07958325112375954,1.0427839425237204,0.4608386819642125,0.9565364596313503,0.8634853877268063,0.13551530670798093,0.3076718934066489,7.384834779423262,17.72926447386709
A,garch_t,2,1.0342691045106978,GARCH_T,1234,0.1,0.8,1.0,-0.05818819111289686,1.0049796505706057,0.48695357847050424,0.3384783873513758,0.1069823899596904,0.22395119909525826,0.33321078820534145,7.069401152415413,15.583964447095806
AAL,garch_t,1,1.4046551359221418,GARCH_T,1234,0.1,0.8,1.0,-0.2132383904146507,1.4055203275195312,0.27767226184601135,0.10694695769331247,0.09862133727441798,0.43213530865458255,0.28931338124143813,3.9391062882719545,53.4555421510182
AAL,garch_t,2,1.4046551359221418,GARCH_T,1234,0.1,0.8,1.0,-0.20406795921033863,1.363365355835574,0.24446295675292073,0.24734503920203346,0.18440989713000425,0.3764870094479725,0.3094524831714595,5.30624151125023,57.12976298874379
AAP,garch_t,1,0.9208462340598758,GARCH_T,1234,0.1,0.8,1.0,-0.13109938135547947,0.9040847293170071,0.19086904268503524,0.06663316470800926,0.11059518693324263,0.3135761001789314,0.3315982228698667,14.335365708674537,32.17612545977991
AAP,garch_t,2,0.9208462340598758,GARCH_T,1234,0.1,0.8,1.0,-0.21749807749405226,0.8911455492622717,0.26731348399977517,0.23410298551988498,0.10802436758884687,0.40853084650710914,0.31943656473015036,3.717439417983849,22.321706474666062
AAPL,garch_t,1,1.186349755430763,GARCH_T,1234,0.1,0.8,1.0,0.04922978161131358,1.2287352608984476,0.5339433666139816,0.03187137419851474,0.05115578391108423,0.2549458468038676,0.28180941578481855,4.962374482625775,21.245767361082553
AAPL,garch_t,2,1.186349755430763,GARCH_T,1234,0.1,0.8,1.0,0.0865072062781488,1.1676060670162614,0.5507289880229601,0.35563640912672545,0.3346658840137064,0.18256318522621184,0.3134131783674942,6.7872824131849665,18.59969076945491
ABBV,garch_t,1,0.7069963253106589,GARCH_T,1234,0.1,0.8,1.0,-0.0009724298713584822,0.6271586242020619,0.16171226946862371,0.3916118088859156,0.4671866551482627,0.15100029275083485,0.39446897006928106,9.528511700663092,18.27522783077799
ABBV,garch_t,2,0.7069963253106589,GARCH_T,1234,0.1,0.8,1.0,0.12136537250206421,0.7230651195812221,0.17904050833922824,0.11409307869420345,0.03440083069206513,0.32153431610208977,0.367190194197009,10.931579343710307,21.94090291875569
ABT,garch_t,1,0.8515440481221053,GARCH_T,1234,0.1,0.8,1.0,-0.050879596631554364,0.8642140222541277,0.3149286162554531,0.005352412613581746,0.02317897500936524,0.3061215737077654,0.3631552520371797,18.504303717730664,17.81892364153705
ABT,garch_t,2,0.8515440481221053,GARCH_T,1234,0.1,0.8,1.0,0.02579121100926117,0.8503050340090055,0.3959495641356844,0.15593691856369873,0.15733349300173846,0.1828988998717725,0.3068996842830091,4.175158799811548,13.720205164908762
ACN,garch_t,1,1.064855756083169,GARCH_T,1234,0.1,0.8,1.0,0.029998693508603055,1.0432551114528412,0.5681616292352204,0.2903827290319627,0.15663655622117587,0.21038546886436535,0.343166456937926,9.757300515362667,14.393291352217815
ACN,garch_t,2,1.064855756083169,GARCH_T,1234,0.1,0.8,1.0,-0.0014716175670185239,1.0527883728227234,0.6210699736064591,0.6902009153490102,0.523272118832687,0.16640895793920363,0.30722935364736664,6.215892791183739,13.408882987786086
ADBE,garch_t,1,1.2864775872755791,GARCH_T,1234,0.1,0.8,1.0,-0.10898078634075176,1.2510857271286375,0.25933394774162477,0.08196799799134298,0.13556522906568338,0.3148246721322131,0.4130390129605955,284.1151103513889,45.348794032464156
ADBE,garch_t,2,1.2864775872755791,GARCH_T,1234,0.1,0.8,1.0,0.0344206779107937,1.2339135920714408,0.3941140965263299,0.00275100242561749,0.07112657121841653,0.28364245682074013,0.33703538542379996,12.189012290089517,29.02675598315835
ADI,garch_t,1,1.2683483898174386,GARCH_T,1234,0.1,0.8,1.0,-0.07773748546986005,1.3023619420343138,0.5418524470928868,0.8575634644004929,0.8007034663683177,0.16391029389959072,0.2921443281339684,5.769366906366784,23.5197839862411
ADI,garch_t,2,1.2683483898174386,GARCH_T,1234,0.1,0.8,1.0,-0.008028774343197792,1.2806595764755329,0.5235197764441533,0.7349033282832014,0.9468186090442926,0.099409658406953,0.30721376923131566,6.297938728130106,23.538852365900006
ADM,garch_t,1,0.8233023668836376,GARCH_T,1234,0.1,0.8,1.0,-0.25230750261621504,0.8375182379428713,0.26859300498378036,3.5264883724016755e-5,0.0003554599424092826,0.4009378172979855,0.3249406684431667,7.0070249196335475,19.622070083658322
ADM,garch_t,2,0.8233023668836376,GARCH_T,1234,0.1,0.8,1.0,-0.007633522344835483,0.8307571509158487,0.31857509470461054,0.26113474774358547,0.2785037316064174,0.2100128962378006,0.3537719216458691,5.218415700129606,16.27748598358198
ADP,garch_t,1,1.0020890826503122,GARCH_T,1234,0.1,0.8,1.0,0.022442441287821066,0.9949351826880192,0.5677703558841235,0.053815093802986165,0.018718734493380396,0.26446668829603487,0.3173147779715929,6.012605672970192,13.099895702324076
ADP,garch_t,2,1.0020890826503122,GARCH_T,1234,0.1,0.8,1.0,0.062491827770007266,0.9961794505640919,0.43951885840117033,0.03442261297181624,0.006515811572478224,0.3150960643149147,0.3955458446334649,15.563243064595603,16.96479507176443
ADSK,garch_t,1,1.3929806946661605,GARCH_T,1234,0.1,0.8,1.0,0.13469555203131967,1.394272334805027,0.4971727738573156,0.7567984371807895,0.41533441601556415,0.24475543285045773,0.30038398455734694,4.983402376009231,29.379124995403895
ADSK,garch_t,2,1.3929806946661605,GARCH_T,1234,0.1,0.8,1.0,0.07571345797283355,1.3737089995185057,0.4987578674904719,0.891846363130047,0.7550200671648007,0.19914789371471447,0.3023855098514249,6.407598056494521,28.428287698617922
AEE,garch_t,1,0.5796768327006427,GARCH_T,1234,0.1,0.8,1.0,0.013284018948578571,0.5875649742019786,0.23060427118601912,0.02145231434094707,0.0035625040093990295,0.3248588013382796,0.22939677348897847,2.6882193352329837,11.248521044636057
AEE,garch_t,2,0.5796768327006427,GARCH_T,1234,0.1,0.8,1.0,-0.08371972366495048,0.5795697635108797,0.23449835233597904,0.000999673300936702,0.0007434078243095149,0.35487660894292516,0.22528393465189758,1.257884082078328,10.762734297653697
AEP,garch_t,1,0.5032257298474412,GARCH_T,1234,0.1,0.8,1.0,-0.035639285560848284,0.5184669144509976,0.18366445771495377,0.0007275197220044923,0.00031539215685895514,0.3585667337622363,0.2251449380118969,1.2510219376061427,10.996841069081931
AEP,garch_t,2,0.5032257298474412,GARCH_T,1234,0.1,0.8,1.0,-0.008763374104779321,0.49280419850957075,0.19590082383919127,0.06663316470800926,0.1195171273495546,0.19478403306020173,0.2640641135420674,2.7630462099656548,9.314585005679522
AES,garch_t,1,1.0270494624820092,GARCH_T,1234,0.1,0.8,1.0,-0.10052196717153045,1.0444571466032642,0.32278531046890613,0.7782544694527636,0.647841664823236,0.18583864116484103,0.298287081358191,3.0742187896380884,25.393260258719557
AES,garch_t,2,1.0270494624820092,GARCH_T,1234,0.1,0.8,1.0,-0.22699624288310577,1.0069925554526535,0.29653293424221794,0.06663316470800926,0.06274645247691868,0.28357329780822077,0.3101117313393548,6.937510824373041,25.693931336869657
AFL,garch_t,1,0.9250479414210647,GARCH_T,1234,0.1,0.8,1.0,-0.009721198367907524,0.9194801992525768,0.41893530430459236,0.00487750327302422,0.0005779115706147677,0.3585984181834429,0.3306590188176091,17.545310395017363,15.163127138439455
AFL,garch_t,2,0.9250479414210647,GARCH_T,1234,0.1,0.8,1.0,-0.04553594430866018,0.9236750550438371,0.4100073715160302,0.014180648336000072,0.0013360370033760473,0.3285696000053225,0.36181683939870296,15.899024147850344,15.634994750012002
AIG,garch_t,1,1.1818380340857169,GARCH_T,1234,0.1,0.8,1.0,-0.16783881522302746,1.2132284575155792,0.42319558447638383,0.0015117484339815987,6.860434416946927e-5,0.5292846569109698,0.33977425064373984,5.839189021356068,26.133346325654617
AIG,garch_t,2,1.1818380340857169,GARCH_T,1234,0.1,0.8,1.0,-0.08831425737260945,1.1688650442627821,0.4942481418189,0.025187614314172893,0.012117847567325533,0.3911825593365381,0.29141763556247885,5.883049067059547,20.769912700137844
AIZ,garch_t,1,0.8326193337287526,GARCH_T,1234,0.1,0.8,1.0,0.006478936576508873,0.8051858157077798,0.4076860215518623,0.3916118088859156,0.5709619663466754,0.21313904183728496,0.2897938005089043,4.637756086052971,11.948609966553196
AIZ,garch_t,2,0.8326193337287526,GARCH_T,1234,0.1,0.8,1.0,-0.06023432821568709,0.843337489022347,0.45920590387332605,0.07144798192849842,0.10094585249326528,0.2840250306566755,0.2601261845699058,4.179838209681997,11.637141751221954
AJG,garch_t,1,0.8278108551126079,GARCH_T,1234,0.1,0.8,1.0,0.07888612629843476,0.8408902303423202,0.45962096974278077,0.053815093802986096,0.00994867674273025,0.254075071829468,0.3141866815221159,4.51615129644513,11.559252572459926
AJG,garch_t,2,0.8278108551126079,GARCH_T,1234,0.1,0.8,1.0,0.03486784105667806,0.855522254436035,0.4643540491621585,0.040067061111044265,0.011725584301639792,0.25278355717135315,0.29416088621074277,6.318163783680868,11.843071735449486
AKAM,garch_t,1,0.8684561506387591,GARCH_T,1234,0.1,0.8,1.0,0.09470398197081094,0.7972624842965048,0.21800688341138774,0.19757624487656467,0.22450589787935504,0.2652308837393579,0.38999679903736584,29.132582515491336,21.907026077170038
AKAM,garch_t,2,0.8684561506387591,GARCH_T,1234,0.1,0.8,1.0,-0.06935165428863632,0.8918106640771915,0.32839653545199776,0.015426939587819299,0.05328658410671961,0.30525949089394966,0.32581516614610195,7.784753813362288,18.196913482012622
ALGN,garch_t,1,1.4932914214894322,GARCH_T,1234,0.1,0.8,1.0,0.08733792145291891,1.4377659738505857,0.33048428393049645,0.3058498487511271,0.1981593836708459,0.35525222931210065,0.3463751184699334,11.34214196849131,46.99769577196365
ALGN,garch_t,2,1.4932914214894322,GARCH_T,1234,0.1,0.8,1.0,0.0063953472202046835,1.4566804612313144,0.35128959911198987,0.3733503932649037,0.28226753053395054,0.37061552988864743,0.33758615943802184,5.10877735373548,45.3852020159333
ALK,garch_t,1,1.2673522553886114,GARCH_T,1234,0.1,0.8,1.0,-0.23041947051435513,1.329107261390004,0.3634899837350165,0.03187137419851477,0.05244360779748381,0.4207392662951016,0.2911967527521698,3.8751817408959344,36.51561234150793
ALK,garch_t,2,1.2673522553886114,GARCH_T,1234,0.1,0.8,1.0,-0.12079162791189141,1.2557631419960138,0.3258609616371555,0.07655519219104737,0.05398755189520041,0.43241818552663697,0.30011187161647973,3.0304677687143933,36.360856391975446
ALLE,garch_t,1,1.0221741009323453,GARCH_T,1234,0.1,0.8,1.0,0.0021670157713358368,1.014803428914407,0.4624590225452103,0.7126714552657516,0.7100989091635397,0.13935228755397258,0.29885534810347614,4.022672827031996,16.731757805992345
ALLE,garch_t,2,1.0221741009323453,GARCH_T,1234,0.1,0.8,1.0,-0.08377730850534572,0.9950966982903924,0.47602316137445677,0.2903827290319628,0.35833048459740424,0.16827366946334624,0.311524845061007,4.661566706763263,15.629801436405662
AMD,garch_t,1,1.6363122955845268,GARCH_T,1234,0.1,0.8,1.0,0.022448974948139327,1.613554077998644,0.22307538798489734,0.12162792605187567,0.4910427049750506,0.36392234509369475,0.3526456453650188,8.672543557334535,87.69329083883929
AMD,garch_t,2,1.6363122955845268,GARCH_T,1234,0.1,0.8,1.0,0.16996777067860644,1.6265525236918317,0.2627269789233895,0.15593691856369873,0.36581848012214996,0.37896353529795546,0.311241753232436,6.823652150446572,75.66281346431161
AME,garch_t,1,1.0603073910021872,GARCH_T,1234,0.1,0.8,1.0,-0.0226892625167453,1.0827620669496594,0.6536149661074068,0.13792041520248557,0.08185541336875413,0.21000680971101665,0.26471596980646417,5.4854431593278825,13.477056575625932
AME,garch_t,2,1.0603073910021872,GARCH_T,1234,0.1,0.8,1.0,-0.02735689134063006,1.0324911547933877,0.525212726200116,0.1656261685585874,0.09203173932092075,0.19849234342619806,0.34951793216502436,13.380951602440586,15.250652075506272
AMGN,garch_t,1,0.7840729185909857,GARCH_T,1234,0.1,0.8,1.0,-0.057078127358795944,0.754024897686466,0.29498453704491034,0.029487885403584595,0.15038771506997325,0.1933924853754112,0.2905634607421328,3.580615749766423,14.48181836569156
AMGN,garch_t,2,0.7840729185909857,GARCH_T,1234,0.1,0.8,1.0,0.09582398225554097,0.8082027938260528,0.30653614097232806,0.08769983970719311,0.06458732742719821,0.22309774191229678,0.30333008781809323,8.822353994385823,16.01068759481636
AMP,garch_t,1,1.5066645104432785,GARCH_T,1234,0.1,0.8,1.0,-0.1100699349742625,1.5094371208446626,0.6931741753752314,0.20922832556926946,0.11849419516797222,0.28072554593372784,0.31574898343861724,6.195262562898966,24.696684425631556
AMP,garch_t,2,1.5066645104432785,GARCH_T,1234,0.1,0.8,1.0,0.03426945584008825,1.4784130439418426,0.5873998980075776,0.019776372144255105,0.015878004276954443,0.36656891152595433,0.32990317574089606,9.819862156922062,27.95816598690941
AMT,garch_t,1,0.7735339022083335,GARCH_T,1234,0.1,0.8,1.0,-0.018444172799990693,0.7816870988560846,0.2755729020176776,0.05782922873694778,0.023369161671564408,0.29082499200921025,0.29641010423061676,2.8106566924952787,16.660205473426693
AMT,garch_t,2,0.7735339022083335,GARCH_T,1234,0.1,0.8,1.0,-0.049281863000998155,0.7541003822562985,0.23019946094923827,0.0005260236097289663,5.770481845070472e-5,0.4833569677331578,0.2855664703258047,2.956609501451058,18.56115485200647
AMZN,garch_t,1,1.170904819492703,GARCH_T,1234,0.1,0.8,1.0,0.2381858247699696,1.138385358292004,0.3074209856390743,0.19757624487656467,0.17641077643707948,0.26658962630634414,0.4130629934509725,15.581778714108562,31.673500710826126
AMZN,garch_t,2,1.170904819492703,GARCH_T,1234,0.1,0.8,1.0,0.1467729544199521,1.1758289017903558,0.3649568371173959,0.9345394905034378,0.9185091557163787,0.12013587646674397,0.3459829366778359,8.098921144349752,28.464118063406325
ANSS,garch_t,1,1.2260535842269653,GARCH_T,1234,0.1,0.8,1.0,0.17193182670560453,1.2800304998684349,0.15106156827979356,0.0015117484339816016,8.946327077620057e-5,1.0920138722335055,0.5279052865021654,191.81846663626885,81.4962491988902
ANSS,garch_t,2,1.2260535842269653,GARCH_T,1234,0.1,0.8,1.0,0.023338690118959032,1.2414030529089752,0.536369531526774,0.24734503920203368,0.18418242739877147,0.20684250085095562,0.3114368349311801,6.208167318690878,21.588004147539657
AON,garch_t,1,0.7957501718162363,GARCH_T,1234,0.1,0.8,1.0,0.11998724777756854,0.7943794532654092,0.25696669526340776,0.011956019270146695,0.00032450741589244226,0.4682188391704897,0.35354682905417,20.93710630196956,18.451434685966902
AON,garch_t,2,0.7957501718162363,GARCH_T,1234,0.1,0.8,1.0,0.05006969330062652,0.8025190421186899,0.44057022210227514,0.09376436847831704,0.16811774894437959,0.16577802002338315,0.2863955032568776,6.957688826138632,10.983645982789163
AOS,garch_t,1,0.9187689278977066,GARCH_T,1234,0.1,0.8,1.0,0.0701545350515169,0.9011284793767549,0.30620336534347903,0.13792041520248557,0.35544736638103536,0.19490637309093353,0.3516479154567143,21.640146766891018,19.925739384020638
AOS,garch_t,2,0.9187689278977066,GARCH_T,1234,0.1,0.8,1.0,0.03218829228004845,0.9082893248380248,0.36882031578878904,0.5773186341936011,0.7219261788785425,0.12031124117683838,0.2785804907273821,3.769978478661497,16.806781693047316
APA,garch_t,1,1.5661364466685423,GARCH_T,1234,0.1,0.8,1.0,-0.5691345353208737,1.5700919277923675,0.25398288196049357,0.008425570156687563,0.0003876291926033774,0.9274693315588617,0.2942816301744138,3.3004253363290896,72.92840061059962
APA,garch_t,2,1.5661364466685423,GARCH_T,1234,0.1,0.8,1.0,-0.1496689335759401,1.5291637534991864,0.3448191907039374,0.26113474774358525,0.11261289001884132,0.6704182768475642,0.26623545327208326,2.5856541965247164,50.95273921157961
APD,garch_t,1,0.919744349092632,GARCH_T,1234,0.1,0.8,1.0,-0.08637505056648141,0.9215490717924103,0.42261855546006455,0.03187137419851477,0.1914250072634892,0.16810993073609312,0.3409025799437303,16.481293144888497,15.098692669902196
APD,garch_t,2,0.919744349092632,GARCH_T,1234,0.1,0.8,1.0,0.036243906427612035,0.9136788310039561,0.18907930081698998,0.5551603867363103,0.5103042778815352,0.21130129579868598,0.42350472885982976,632.0735960692839,33.173715247948614
APH,garch_t,1,1.0908578677446603,GARCH_T,1234,0.1,0.8,1.0,0.16348720252478266,1.0931263462075507,0.6471647282075828,0.2754788863305614,0.4195796621360648,0.13303344772835204,0.33580554438144156,6.628969010309923,13.873206747268535
APH,garch_t,2,1.0908578677446603,GARCH_T,1234,0.1,0.8,1.0,0.010333397454302257,1.0925929025362302,0.6998840667135366,0.5773186341936012,0.455271894499883,0.15037632366503895,0.2885804960981613,7.449227695408425,12.815678909119324
ARE,garch_t,1,0.866174909679336,GARCH_T,1234,0.1,0.8,1.0,0.002550182923148972,0.8281195003428836,0.28975241872182433,0.0022598342446050893,2.4680107066644132e-5,0.4898074089394474,0.27220264737900524,2.9479507677897967,17.783200593385484
ARE,garch_t,2,0.866174909679336,GARCH_T,1234,0.1,0.8,1.0,0.00782207907567796,0.8679618156633858,0.4131164000316734,0.3058498487511271,0.14894188886051396,0.23408082505310465,0.2667195928844563,5.230816160712317,13.701867946100158
ATO,garch_t,1,0.5837410507168507,GARCH_T,1234,0.1,0.8,1.0,0.11904110689334294,0.5976565748397574,0.23746739438362918,0.002259834244605085,0.0004612706749844488,0.34636748859691546,0.26606977972739915,2.074173285655406,11.301872161909662
ATO,garch_t,2,0.5837410507168507,GARCH_T,1234,0.1,0.8,1.0,0.07830056335482032,0.5964888282985046,0.23197778997278962,0.0431805371318572,0.021081868856933667,0.25053538114990614,0.2917301881513511,12.76689572446899,11.524157790424134
AVB,garch_t,1,0.7816065561514157,GARCH_T,1234,0.1,0.8,1.0,0.004550385107184335,0.7903114013463137,0.36230624741490025,0.03715119111327242,0.007096854021213895,0.27353839123684187,0.29800895184364795,3.647815924468948,12.953038196015147
AVB,garch_t,2,0.7816065561514157,GARCH_T,1234,0.1,0.8,1.0,-0.0014733224849705212,0.7380117430392489,0.29959168119917245,0.175787279262466,0.042809143735533906,0.23903989857083868,0.29606922067223584,4.627501090228396,13.659907826857296
AVGO,garch_t,1,1.4014349705793363,GARCH_T,1234,0.1,0.8,1.0,0.3040820211193943,1.3481316365177822,0.39626113665803664,0.10694695769331247,0.21158876552344022,0.23499120649997535,0.3191822227326507,5.015277402626118,34.46149343356483
AVGO,garch_t,2,1.4014349705793363,GARCH_T,1234,0.1,0.8,1.0,0.10478810071562702,1.4293001342076987,0.4843593845740375,0.6449103254493236,0.6965984654923509,0.21755923425447396,0.2952493570025265,4.501882595013015,31.690575403167117
AVY,garch_t,1,1.0040045132040778,GARCH_T,1234,0.1,0.8,1.0,0.10271065985068516,0.9922370242008449,0.46208680638592625,0.06663316470800919,0.07471128799626806,0.20931960903311397,0.28506988923386073,3.8249009572203576,16.008780953109515
AVY,garch_t,2,1.0040045132040778,GARCH_T,1234,0.1,0.8,1.0,0.0012029844779611193,0.9942146063205194,0.4526206382819937,0.3916118088859155,0.36090769312424636,0.16287547089196586,0.32050325783077743,5.5985052345137305,16.40880296648691
AWK,garch_t,1,0.6304220209718564,GARCH_T,1234,0.1,0.8,1.0,0.0775161947470222,0.610435391146635,0.2277266619756645,0.1295656630122877,0.01246001417492915,0.28921750288471204,0.26676648479388504,2.4855666252816455,12.294659446654512
AWK,garch_t,2,0.6304220209718564,GARCH_T,1234,0.1,0.8,1.0,-0.022449796635869594,0.6082438043967895,0.2430818039417223,0.005869317150287341,0.004942000222357463,0.29900765188153006,0.24300807613739708,2.0294528167235555,11.435467173615814
AXP,garch_t,1,1.2070409201068892,GARCH_T,1234,0.1,0.8,1.0,-0.034758023310047695,1.1935895917000288,0.5783470200137931,0.20922832556926946,0.09482232952744146,0.27327780805855373,0.3079826799382288,8.821014844032561,18.508555190654302
AXP,garch_t,2,1.2070409201068892,GARCH_T,1234,0.1,0.8,1.0,0.0023228520072664793,1.2165575207506247,0.6290180936552984,0.5332866099999254,0.3958399714401108,0.22521377355909997,0.2972694639243511,6.050473978055084,17.678814225015284
AZO,garch_t,1,0.7063466213476163,GARCH_T,1234,0.1,0.8,1.0,0.14854008552910924,0.6999518712772536,0.3048745922716404,0.8575634644004929,0.4677756928770091,0.19992193153554366,0.34855969328852565,6.088772419829796,12.074415034283694
AZO,garch_t,2,0.7063466213476163,GARCH_T,1234,0.1,0.8,1.0,0.05108081648575287,0.6775507841435365,0.24565034750816617,0.46984032119867625,0.42696926374334276,0.1763404167652578,0.29221469042696707,4.640966641148781,14.041622595053841
BA,garch_t,1,1.3670698713762444,GARCH_T,1234,0.1,0.8,1.0,-0.13397362956415856,1.3637041218855988,0.35152594664541725,0.0024942546536577508,0.0018257424336082352,0.5179072397313139,0.38082577345996277,9.492029023027458,39.74970357648101
BA,garch_t,2,1.3670698713762444,GARCH_T,1234,0.1,0.8,1.0,-0.2832060511947315,1.4112772401738707,0.2580314101346243,9.069817648939671e-7,2.362233999281061e-11,1.359657060623312,0.31719909823058123,6.123341735809575,57.99667208794223
BAC,garch_t,1,1.2376034989831342,GARCH_T,1234,0.1,0.8,1.0,0.058306296535916236,1.2434345431826859,0.4172132695853713,0.016770632212380454,0.0010535873962336038,0.5031232689429985,0.31275574821291846,4.682849107314282,27.844454740507267
BAC,garch_t,2,1.2376034989831342,GARCH_T,1234,0.1,0.8,1.0,-0.12644424822681605,1.2078078156119871,0.4739572444605932,0.00643148920400932,0.005956682464901414,0.375064969865137,0.29076616670348765,2.8636409675920547,23.126370534197363
BAX,garch_t,1,0.6950710335593084,GARCH_T,1234,0.1,0.8,1.0,-0.298675740751964,0.7084004441851474,0.2226785462362001,0.0007275197220044923,0.0002791204216415061,0.3796143430732188,0.34950342264992307,123.35551911183819,16.932857235588752
BAX,garch_t,2,0.6950710335593084,GARCH_T,1234,0.1,0.8,1.0,-0.21106781420128684,0.7280490154551326,0.20290270306576896,0.0033392525540793983,0.004429575894940433,0.3850822913797524,0.3908365617415273,52.94119367925016,19.628376488774546
BBY,garch_t,1,1.1035487889894897,GARCH_T,1234,0.1,0.8,1.0,-0.26843403346259337,1.044776439073,0.29003640327936764,0.0431805371318572,0.019936605677445162,0.4249261058239392,0.310253613378745,6.18637830113307,28.27777300911791
BBY,garch_t,2,1.1035487889894897,GARCH_T,1234,0.1,0.8,1.0,-0.1280985785592257,1.0891591067846211,0.27765803272034284,0.24734503920203368,0.17729455349560647,0.3193837764454638,0.3223163768636276,4.305313427031916,32.10135662598637
BDX,garch_t,1,0.6234241355668664,GARCH_T,1234,0.1,0.8,1.0,0.0008263017181354693,0.6106531248858234,0.2843722378322212,0.891846363130047,0.5452008378841766,0.1377873028678248,0.3402492051234307,5.895650558063627,9.852647529003956
BDX,garch_t,2,0.6234241355668664,GARCH_T,1234,0.1,0.8,1.0,-0.025520379000108534,0.6173849792341668,0.30791345512807755,0.053815093802986165,0.03168789437098676,0.23054498103861046,0.2961493463772921,5.435647664272651,9.301102394854315
BEN,garch_t,1,1.2076507373337153,GARCH_T,1234,0.1,0.8,1.0,-0.2591906678852018,1.1823284030161463,0.4571345092838335,0.9850359268412626,0.9956856187860229,0.11409281831254466,0.3348059460215252,4.814313533703094,22.97646501998335
BEN,garch_t,2,1.2076507373337153,GARCH_T,1234,0.1,0.8,1.0,-0.2664734817598162,1.1762737534168695,0.46942374703840584,0.8194258416202167,0.8087617704719758,0.15862886114623176,0.31574460992874775,4.729108788439101,22.14637920061548
BF.B,garch_t,1,0.7507022119843694,GARCH_T,1234,0.1,0.8,1.0,-0.007954860470729491,0.7160522262373278,0.2842298088920495,0.6902009153490102,0.3184222482245904,0.2618217523259222,0.31137364916701693,6.085380078263622,13.554102014494973
BF.B,garch_t,2,0.7507022119843694,GARCH_T,1234,0.1,0.8,1.0,-0.20007090465044297,0.7951196319575049,0.2991114615502267,0.04650229204730138,0.017578649463565278,0.369053655781734,0.3103504041310461,4.863088745633632,15.881183821372288
BK,garch_t,1,1.0329436799105731,GARCH_T,1234,0.1,0.8,1.0,0.10831147882083363,1.0051229545509242,0.31029420146801023,0.00013470539463496695,1.1535296898161342e-7,0.735120999300664,0.3155553188163758,3.3689998216775647,24.463336949794193
BK,garch_t,2,1.0329436799105731,GARCH_T,1234,0.1,0.8,1.0,-0.013275762922394144,1.0438279001291793,0.307940651589769,0.0001515004089380906,2.0293770491465264e-8,0.839048345057601,0.26629672244277186,3.5021527528415204,26.58531139721291
BLK,garch_t,1,1.2395499444306646,GARCH_T,1234,0.1,0.8,1.0,-0.06216305776293311,1.2411495030104902,0.5802515323121789,0.12162792605187557,0.022922424149043986,0.3082006020993257,0.2672656973638983,5.445289587838381,19.9472427945616
BLK,garch_t,2,1.2395499444306646,GARCH_T,1234,0.1,0.8,1.0,-0.0028098847326808174,1.2167881245924381,0.6307295660508849,0.69020091534901,0.5654661930981594,0.13285551674887922,0.31711598189155027,5.849942957770915,17.637527748447553
BMY,garch_t,1,0.5853712503439432,GARCH_T,1234,0.1,0.8,1.0,-0.036082422377525576,0.5907111789543292,0.17182713966250607,0.2903827290319628,0.295128210649314,0.16892249231433676,0.3067871037622471,9.737882127147074,15.258420995468171
BMY,garch_t,2,0.5853712503439432,GARCH_T,1234,0.1,0.8,1.0,-0.0062242696056285865,0.5678861540948194,0.15355976826293016,0.7567984371807895,0.556993022666836,0.205510343179585,0.32213730637049887,62.91041687142422,15.779603507206405
BR,garch_t,1,0.8762355800586917,GARCH_T,1234,0.1,0.8,1.0,0.08664053470929062,0.8651369251164798,0.4834009458359503,0.6222589308962219,0.7491375907201583,0.1263611065095637,0.3013449840980316,4.355843241361817,11.633574514416114
BR,garch_t,2,0.8762355800586917,GARCH_T,1234,0.1,0.8,1.0,0.21022851872183929,0.8370171412501624,0.47691515626776315,0.41040886465000037,0.24540503421793433,0.18549120689776996,0.30447678112233706,5.0080809819964465,11.037699187309173
BRK.B,garch_t,1,0.8653481704966324,GARCH_T,1234,0.1,0.8,1.0,0.03200812289347707,0.870129245683594,0.5600309625789104,0.05004335277576385,0.008493563412354454,0.24812151013194328,0.3003086630502116,5.392020002800095,10.157959279645741
BRK.B,garch_t,2,0.8653481704966324,GARCH_T,1234,0.1,0.8,1.0,0.030334727577231338,0.878836534593999,0.6727104058889632,0.6222589308962219,0.5164274340095371,0.11974720809212641,0.28720721409901784,6.21646065102404,8.626587556828516
BRO,garch_t,1,0.8476925837914276,GARCH_T,1234,0.1,0.8,1.0,0.04272509136893041,0.854371949806216,0.4902765673701086,0.03187137419851474,0.0694868200683293,0.2005536319064168,0.32115043059039955,6.15207540045623,11.18674659797186
BRO,garch_t,2,0.8476925837914276,GARCH_T,1234,0.1,0.8,1.0,0.07466460447104815,0.865665134260462,0.42490794542041954,0.5332866099999254,0.20844212211634883,0.17783970342267838,0.3747479975771144,7.725433274642295,13.251223364623872
BSX,garch_t,1,0.9504881690838191,GARCH_T,1234,0.1,0.8,1.0,0.05201145905416142,0.9595377493005259,0.3449351173793789,0.37335039326490416,0.16862527816373904,0.20867746708020096,0.3612701254067713,11.096910419231532,20.055693918119136
BSX,garch_t,2,0.9504881690838191,GARCH_T,1234,0.1,0.8,1.0,0.09803735657630142,0.9140356596964366,0.3792064234217257,0.2341029855198848,0.0843982771935854,0.24940459795597392,0.2683041735941194,3.2072924831873832,16.553947287214044
BWA,garch_t,1,1.1448976798237935,GARCH_T,1234,0.1,0.8,1.0,-0.18103409238849172,1.1456738054909208,0.32225581241250734,0.32188190048341714,0.251225826371727,0.29497705522661455,0.2933056343588135,2.8808607341083983,30.603576415630275
BWA,garch_t,2,1.1448976798237935,GARCH_T,1234,0.1,0.8,1.0,-0.21955516478217296,1.1335239652507667,0.27698270210376896,0.02145231434094707,0.0100447234509355,0.4602312474162591,0.339816321198985,3.9257866116955222,34.85457084700704
BXP,garch_t,1,0.9946377162815101,GARCH_T,1234,0.1,0.8,1.0,-0.05515440874849727,1.0476497627139756,0.3515035337592932,0.02145231434094707,0.008281647913250475,0.38227928403989714,0.28175990286131153,3.429779325488899,23.461378009024603
BXP,garch_t,2,0.9946377162815101,GARCH_T,1234,0.1,0.8,1.0,-0.11537331185997013,0.947134321307523,0.3261309635521198,0.0431805371318572,0.01231746489859831,0.33442926087593366,0.3098087162053099,2.973120577523714,20.667221294471613
C,garch_t,1,1.3291883804599565,GARCH_T,1234,0.1,0.8,1.0,-0.11269479279626296,1.3241259052893743,0.5939380201149733,0.44954451693235176,0.14953759497850436,0.30315863721083897,0.27889833614626497,5.370430694554184,22.18035086952083
C,garch_t,2,1.3291883804599565,GARCH_T,1234,0.1,0.8,1.0,-0.09281855501353108,1.3374484459594618,0.6211275954144968,0.3733503932649037,0.36993264219349226,0.23691063199355533,0.3075955375155069,7.394335081360024,21.6383554633364
CAG,garch_t,1,0.44346157609933895,GARCH_T,1234,0.1,0.8,1.0,-0.03795462085420272,0.439298745936537,0.08969853612987211,0.3058498487511271,0.4896085086267286,0.17070135400678596,0.3672397726658279,54.436063119403975,16.165366150231055
CAG,garch_t,2,0.44346157609933895,GARCH_T,1234,0.1,0.8,1.0,-0.054835002580586885,0.4043026594052658,0.09634463476296806,0.19757624487656467,0.19057323446963276,0.23092400515355488,0.33444281151112537,5.48553285050836,12.747840935350734
CAH,garch_t,1,0.7861844960719964,GARCH_T,1234,0.1,0.8,1.0,-0.02817343153385786,0.7995040516015973,0.20500892333046516,0.013025618742549662,0.07255027179970952,0.2807200245542435,0.33675453939965855,39.39594190003223,23.427154813840815
CAH,garch_t,2,0.7861844960719964,GARCH_T,1234,0.1,0.8,1.0,0.0940195862569147,0.781441437748272,0.246609184983398,0.6902009153490102,0.5778226345404324,0.19667481369428055,0.3265680216667908,5.643957460674196,18.605211034552717
CAT,garch_t,1,1.0686490545734137,GARCH_T,1234,0.1,0.8,1.0,-0.08889738086281142,1.0164054842550407,0.317398387584206,0.5332866099999254,0.400870667740311,0.2097845002247227,0.3739372510139756,8.028116563372793,24.455708981403536
CAT,garch_t,2,1.0686490545734137,GARCH_T,1234,0.1,0.8,1.0,0.009445691487385652,1.0258501264459357,0.30895579808193396,0.18643316604659413,0.29878287940495446,0.22753415376911026,0.359938518519272,15.334904936062642,25.593074281527986
CB,garch_t,1,0.7968306202434992,GARCH_T,1234,0.1,0.8,1.0,-0.05059829383658646,0.7943848231438349,0.27020061240959214,0.02325346220890379,0.006367525157764747,0.36203208891938676,0.4088443006362969,14.114039623803102,17.547955403680508
CB,garch_t,2,0.7968306202434992,GARCH_T,1234,0.1,0.8,1.0,0.09526561287990425,0.8208515865824142,0.39863216114582367,0.0016734002409653419,0.004463494419664496,0.287320220374384,0.31679098439803216,15.033865394523293,12.700122916038548
CBOE,garch_t,1,0.5396335107095946,GARCH_T,1234,0.1,0.8,1.0,0.16646501942698966,0.5464715245943863,0.15730103013134822,0.5551603867363103,0.37883648738278825,0.1823820643816555,0.24506379766632524,2.8440603475769812,14.264431941097197
CBOE,garch_t,2,0.5396335107095946,GARCH_T,1234,0.1,0.8,1.0,0.03576979796116252,0.5349918591231223,0.1704057186960266,0.3916118088859156,0.4501784182639547,0.15176780261920125,0.295388445917001,4.113309091481689,12.620052341020775
CDNS,garch_t,1,1.2142254031834303,GARCH_T,1234,0.1,0.8,1.0,0.12458464488437268,1.2032929426869206,0.4654214682093689,0.5773186341936011,0.4671313926646243,0.18122600985271797,0.32450737414745034,6.124717468020625,23.374767604128788
CDNS,garch_t,2,1.2142254031834303,GARCH_T,1234,0.1,0.8,1.0,0.05954885789542996,1.2136009990256256,0.4602886043152745,0.062097799744532806,0.1296528144639544,0.22545248002620832,0.31348851185426235,4.4127254239613505,24.042111232588727
CDW,garch_t,1,1.1143917049595464,GARCH_T,1234,0.1,0.8,1.0,0.0013625410038643343,1.126430815778593,0.4812206619310646,0.3058498487511271,0.2535465969266085,0.17518147731165729,0.3207047339536165,13.125768254329802,19.811426803067853
CDW,garch_t,2,1.1143917049595464,GARCH_T,1234,0.1,0.8,1.0,0.15421120800585608,1.1174653454043586,0.420881830607863,0.26113474774358525,0.20808321933830512,0.23611021359115966,0.36632032714100504,14.029265282628543,22.29250764406549
CE,garch_t,1,1.203890497467838,GARCH_T,1234,0.1,0.8,1.0,-0.060770546892259955,1.221827757126287,0.5079197114029854,0.644910325449324,0.7914051110655873,0.1970116924574933,0.2834639477147823,4.202019342128173,22.08390556289868
CE,garch_t,2,1.203890497467838,GARCH_T,1234,0.1,0.8,1.0,-0.01570258477922061,1.151114438504129,0.38783191482387946,0.9850359268412626,0.9755881410462016,0.13700462009851846,0.3016949866479533,11.82557886197302,25.671097291528934
CHD,garch_t,1,0.43669568612017884,GARCH_T,1234,0.1,0.8,1.0,0.10320703058982814,0.4353641780264508,0.12785221199916486,0.9655447778043533,0.8203127893869699,0.22269928628842547,0.32489790617321834,22.903640155137737,11.13904895479448
CHD,garch_t,2,0.43669568612017884,GARCH_T,1234,0.1,0.8,1.0,0.062485940312174464,0.4496527421542823,0.12007641682938963,0.02726292028609383,0.039850613157865505,0.3409311476000935,0.3356171316795239,16.844338604850837,12.65166684572865
CHRW,garch_t,1,0.6577371875882367,GARCH_T,1234,0.1,0.8,1.0,-0.11521374445534725,0.6186532806892079,0.10864363615601136,0.0033392525540793983,0.0004505869241758468,0.5380326797295638,0.3710905006885829,44.35299958131113,26.469230910555883
CHRW,garch_t,2,0.6577371875882367,GARCH_T,1234,0.1,0.8,1.0,-0.020730202053871778,0.6848625375589211,0.23072385370672566,0.5551603867363105,0.30105842056825605,0.1705332038326422,0.3275315250572645,14.700628868535105,15.274440067425829
CHTR,garch_t,1,0.8433195586538473,GARCH_T,1234,0.1,0.8,1.0,-0.17501947989953973,0.8283921467884163,0.15413438537498614,0.175787279262466,0.08645373319746467,0.349985804009246,0.3965088782522938,51.01478587666406,33.45209994588813
CHTR,garch_t,2,0.8433195586538473,GARCH_T,1234,0.1,0.8,1.0,0.16052077041172982,0.822628570833888,0.14136014278378373,0.23410298551988498,0.1279788522628631,0.3650594272266421,0.4215560844501993,66.804689455095,35.96926613862346
CI,garch_t,1,0.8688472923172292,GARCH_T,1234,0.1,0.8,1.0,-0.003358720761544934,0.8632970034396342,0.28289598850931563,0.13792041520248557,0.0815088054814792,0.29855165535064615,0.29336033639531006,3.608045685880687,19.79450528830986
CI,garch_t,2,0.8688472923172292,GARCH_T,1234,0.1,0.8,1.0,-0.04410396733461135,0.8395762138669416,0.305463234378788,0.6902009153490102,0.5987039853639291,0.22498571681182453,0.2570287285614325,3.589029936663904,17.338530253121192
CINF,garch_t,1,0.9565690327763778,GARCH_T,1234,0.1,0.8,1.0,0.12842233928844776,0.8866005289972619,0.06025078437443243,3.1930971897200997e-19,1.375047542196872e-35,2.9543164476942048,0.4280060376623039,28.044615583081924,98.02666813113723
CINF,garch_t,2,0.9565690327763778,GARCH_T,1234,0.1,0.8,1.0,-0.21599216615777247,0.9663592346888601,0.04073612987694186,1.194937301284962e-33,6.091026442591687e-60,4.826265432559044,0.33208687917406093,35.01452635934608,172.24570848114905
CL,garch_t,1,0.5360276468414245,GARCH_T,1234,0.1,0.8,1.0,-0.026808553929198366,0.5117193884801354,0.2308728111622499,0.2214004944504064,0.34504233708530646,0.13627148973151393,0.32366818348656207,5.433865253963559,8.52200780918236
CL,garch_t,2,0.5360276468414245,GARCH_T,1234,0.1,0.8,1.0,-0.024610823363025745,0.535877947348935,0.2624574150908483,0.03187137419851477,0.1183310182441205,0.15435978643274417,0.30376538019227317,4.723232677116899,8.220985790634053
CLX,garch_t,1,0.33795373519324434,GARCH_T,1234,0.1,0.8,1.0,-0.048281197248374874,0.3309572154200149,0.09266423433317206,0.03442261297181624,0.005708348020551133,0.31521311239793876,0.3394677235817716,6.504716801659338,8.881422706968708
CLX,garch_t,2,0.33795373519324434,GARCH_T,1234,0.1,0.8,1.0,-0.01701105854256216,0.3484215858472676,0.08995243688573862,0.13792041520248557,0.2694266706873793,0.1713910523882279,0.3234091719064671,5.649205773783288,10.140237978242189
CMA,garch_t,1,1.3528511491055037,GARCH_T,1234,0.1,0.8,1.0,-0.0982800869226807,1.3854548009769565,0.33529131608490914,0.0012311099952031011,4.61586430157139e-5,0.7552618379936312,0.2773733296534561,3.070823169521324,43.01435279815178
CMA,garch_t,2,1.3528511491055037,GARCH_T,1234,0.1,0.8,1.0,-0.05445680488638746,1.3670586685065527,0.3704739983300508,0.0431805371318572,0.008969679234370495,0.46870195259377506,0.300993227065467,4.466048990011684,37.902473095671226
CMCSA,garch_t,1,0.8672611323214338,GARCH_T,1234,0.1,0.8,1.0,0.07968599893705182,0.8633107751190009,0.37206096580083914,0.7991659946854217,0.645764536580263,0.1498966059902249,0.30716018687656427,6.34139636798486,15.051202133715579
CMCSA,garch_t,2,0.8672611323214338,GARCH_T,1234,0.1,0.8,1.0,-0.04304469122988298,0.8405242061993368,0.3882727818550735,0.667584748786672,0.9310433359743493,0.11671413089547066,0.31774626769107905,4.3170016494157535,13.671446820279254
CME,garch_t,1,0.7355440522563779,GARCH_T,1234,0.1,0.8,1.0,0.04541761384456462,0.7434232470751381,0.289125012997819,0.05782922873694778,0.012086941518874234,0.2817814434274217,0.32240563900004576,6.021687861799245,14.362749437005029
CME,garch_t,2,0.7355440522563779,GARCH_T,1234,0.1,0.8,1.0,0.016744717045920537,0.7371173313303581,0.24783498375823498,0.00019121826254920468,0.00011331947491790377,0.4474000431383329,0.30893996665178847,11.815631153243553,16.472579390724302
CMG,garch_t,1,0.8897496912129113,GARCH_T,1234,0.1,0.8,1.0,0.014727370214436777,0.8452775963453013,0.18430304669728004,0.449544516932352,0.29904189681163884,0.2499012965451449,0.3497349356597911,8.313098402471534,29.12843667386782
CMG,garch_t,2,0.8897496912129113,GARCH_T,1234,0.1,0.8,1.0,-0.0706164173415925,0.8602191654685003,0.20451357264487047,0.06663316470800926,0.15601698826727112,0.2557886742354749,0.3414528914544022,10.510811711448554,27.186109860239714
CMI,garch_t,1,0.9509090937773049,GARCH_T,1234,0.1,0.8,1.0,0.06337242010255459,0.9490870377146878,0.3753558602722855,0.35563640912672523,0.4184364579145645,0.1649532425224295,0.30274328614937174,4.79112120146181,18.03100184140822
CMI,garch_t,2,0.9509090937773049,GARCH_T,1234,0.1,0.8,1.0,-0.08529358748302296,0.9123053627729182,0.33106461245608354,0.44954451693235176,0.3256973090500095,0.18482399662417084,0.3250650416165296,7.8985757767273395,18.889421976388217
CMS,garch_t,1,0.5046844086649072,GARCH_T,1234,0.1,0.8,1.0,0.11937600306492091,0.4931071037608298,0.19492780906789775,0.10694695769331257,0.0368224131623109,0.2311623263375863,0.22943221734822553,1.4089625804118455,9.372591547475974
CMS,garch_t,2,0.5046844086649072,GARCH_T,1234,0.1,0.8,1.0,0.08588667152058246,0.5138001478757326,0.1727510190075109,0.0015117484339816016,0.0004904470566181282,0.36800971245499287,0.25303787782296266,2.2028752541688066,11.482033416112268
CNC,garch_t,1,0.9033148620220685,GARCH_T,1234,0.1,0.8,1.0,0.013565827371628203,0.8885002633566229,0.19075700751647806,0.9073133476228828,0.846432632837584,0.16027521581539816,0.35483794559972087,9.251560220621059,31.094644454097743
CNC,garch_t,2,0.9033148620220685,GARCH_T,1234,0.1,0.8,1.0,-0.04260583221821365,0.8874362451477181,0.17999022397420328,0.469840321198676,0.6490952850412688,0.1728569696531825,0.3575440477639381,16.518206500256483,32.87580394896689
CNP,garch_t,1,0.8300913371148646,GARCH_T,1234,0.1,0.8,1.0,0.023056068483101877,0.8283899855700491,0.3441100183107647,0.003031985582771836,0.0002889303106888612,0.42877217951999197,0.2673505729899637,2.4026699008168286,14.983847276770865
CNP,garch_t,2,0.8300913371148646,GARCH_T,1234,0.1,0.8,1.0,-0.033802233558249746,0.8295042775346684,0.2701340737618284,6.555677729414625e-5,2.5338301207927807e-6,0.55664699415236,0.3466665857660074,6.494665659755281,19.138542734875244
COF,garch_t,1,1.378162844197558,GARCH_T,1234,0.1,0.8,1.0,-0.035310419782907984,1.3481555758756598,0.19945669392837728,2.770767198247322e-7,8.17711647109728e-14,1.793422925003469,0.35536146877055735,7.434913004198389,68.46717087515961
COF,garch_t,2,1.378162844197558,GARCH_T,1234,0.1,0.8,1.0,0.12137164606589215,1.3854648440949149,0.4602032271430079,0.03715119111327237,0.014691869038559601,0.3968352909846559,0.3441129724981296,7.145742980345446,31.339519595905294
COO,garch_t,1,0.8869677379096492,GARCH_T,1234,0.1,0.8,1.0,0.06850151955883184,0.9199008226303744,0.3838654899593932,0.046502292047301316,0.08875697821741697,0.21268010329535242,0.3058706864347634,4.079490019300962,16.563568904217288
COO,garch_t,2,0.8869677379096492,GARCH_T,1234,0.1,0.8,1.0,-0.05433106747852463,0.9174833172690902,0.35251815104194506,0.3916118088859155,0.1950364300539034,0.2235336623521148,0.2897237208259277,4.558198828336213,17.941793057607633
COP,garch_t,1,1.1459958148396854,GARCH_T,1234,0.1,0.8,1.0,0.09391189841428083,1.0851738578836134,0.23522309745390957,0.002045965735886352,0.001700002721399068,0.5698128955321564,0.2772801451032181,2.652604892548009,37.61574397229015
COP,garch_t,2,1.1459958148396854,GARCH_T,1234,0.1,0.8,1.0,0.08748533356672666,1.1342510097768532,0.2516022360108976,0.0009996733009367002,0.0017331860481807565,0.5610654114732271,0.3062038929219772,3.4349771747126274,38.41977588768012
COST,garch_t,1,0.7271107611835433,GARCH_T,1234,0.1,0.8,1.0,0.06525086028645526,0.7619491262209794,0.3588179924246354,0.5551603867363105,0.24597026553434798,0.15918289489253873,0.32337634394850917,10.196467328176071,12.157064283638142
COST,garch_t,2,0.7271107611835433,GARCH_T,1234,0.1,0.8,1.0,0.15595268684276797,0.7248448816381721,0.3587484200693455,0.2214004944504064,0.2622593330030468,0.15166632589735518,0.2972827699205169,4.084635699098465,11.004013903716643
CPB,garch_t,1,0.32725712367788373,GARCH_T,1234,0.1,0.8,1.0,-0.05283287676041723,0.31736769560448164,0.05872480772051081,0.35563640912672545,0.5147441975476034,0.13984646848301496,0.31551579709483535,10.915530890863291,12.887088408947696
CPB,garch_t,2,0.32725712367788373,GARCH_T,1234,0.1,0.8,1.0,-0.080585614232387,0.3258022713871279,0.05990722863279829,0.14670621149483895,0.16925729229425335,0.18517647351834152,0.30933356924003313,7.277040866093465,13.313123499246199
CPRT,garch_t,1,1.0155649024631515,GARCH_T,1234,0.1,0.8,1.0,0.07280959226122724,1.0323011008195464,0.4663923433596986,0.35563640912672523,0.3523431274416133,0.15500372300614687,0.3311664212912656,9.085466020869113,17.16770900177345
CPRT,garch_t,2,1.0155649024631515,GARCH_T,1234,0.1,0.8,1.0,0.1126867993181814,1.0155500188611575,0.49352357953551396,0.20922832556926946,0.16131042750940147,0.20978205050879484,0.29086487963665725,4.666874550833773,15.701664893801357
CRM,garch_t,1,1.2709796396357558,GARCH_T,1234,0.1,0.8,1.0,0.12586843495597133,1.279507609428134,0.28116108042472365,0.37335039326490416,0.21184394808674353,0.34852718543048494,0.38393442332665667,67.40043638752068,43.75034852034627
CRM,garch_t,2,1.2709796396357558,GARCH_T,1234,0.1,0.8,1.0,0.04683087669017508,1.2692996512525951,0.3698061685508509,0.1656261685585874,0.4275138452832655,0.19540515434413666,0.3449619740771452,14.025051063795853,32.73445726616997
CSCO,garch_t,1,0.9762987000831065,GARCH_T,1234,0.1,0.8,1.0,-0.0367796974830496,0.9645893171121942,0.49480545022726785,0.5332866099999254,0.7336902867708569,0.09770755041681349,0.36384998480501674,9.754060893168978,14.128673701055103
CSCO,garch_t,2,0.9762987000831065,GARCH_T,1234,0.1,0.8,1.0,0.10829961505928223,0.9715794931520225,0.523000521728942,0.3218819004834169,0.33023580597714985,0.17224528859294036,0.3331239299953188,9.49269418722829,13.561431409232977
CSX,garch_t,1,1.0634425737270718,GARCH_T,1234,0.1,0.8,1.0,0.009114567591174141,1.087470068902976,0.49217983382963804,0.15593691856369873,0.38729777971887325,0.17247961195451156,0.33792076697041923,6.08926794285988,18.053515535071
CSX,garch_t,2,1.0634425737270718,GARCH_T,1234,0.1,0.8,1.0,-0.06238511518365874,1.0370324589446152,0.40289133696178114,0.37335039326490416,0.18207584621719938,0.21728064205445435,0.32043391872117105,8.612142841622152,20.056158131025704
CTAS,garch_t,1,1.0623082261407961,GARCH_T,1234,0.1,0.8,1.0,-0.0008313348385447089,1.0976771733985873,0.21235448791070444,5.868474812389353e-11,5.902357638026369e-20,1.532207557259767,0.4001702613098082,16.5049939573712,42.63230326391574
CTAS,garch_t,2,1.0623082261407961,GARCH_T,1234,0.1,0.8,1.0,0.10492873473971649,0.9826288265633139,0.08339175230048479,5.593790276181421e-23,8.25449288671644e-47,3.06584455364513,0.3972846447924911,31.86674016520049,86.99752064525596
CTSH,garch_t,1,1.0896445815178692,GARCH_T,1234,0.1,0.8,1.0,-0.21067519726620193,1.0911093686263715,0.46528284747811943,0.062097799744532854,0.0679231366747598,0.27751074650343904,0.3605387335898509,7.570608535517714,19.225183836205545
CTSH,garch_t,2,1.0896445815178692,GARCH_T,1234,0.1,0.8,1.0,-0.19723669616876438,1.1060161478363686,0.3959727090043752,0.040067061111044265,0.06061368615267029,0.29614527338679103,0.37451665863281247,33.52821652093852,23.2117911921893
CVX,garch_t,1,0.9964553124362028,GARCH_T,1234,0.1,0.8,1.0,-0.06179998068656103,1.0343772988907876,0.44618528132623303,0.006431489204009309,0.011679178110530937,0.33335743406369345,0.28003852160654913,3.3751481239067562,18.017465370544056
CVX,garch_t,2,0.9964553124362028,GARCH_T,1234,0.1,0.8,1.0,-0.11907580084518321,1.0015839268643874,0.4583689889060748,0.2214004944504064,0.24065569608696954,0.23167693868324526,0.2654214093349145,3.566316655195946,16.444112519192423
CZR,garch_t,1,1.572650078284536,GARCH_T,1234,0.1,0.8,1.0,-0.034674478625096095,1.6009932964191733,0.16420096671521733,0.016770632212380454,0.05427730198885361,0.6650046613899834,0.42635364981431245,65.2393977469347,117.28819201479975
CZR,garch_t,2,1.572650078284536,GARCH_T,1234,0.1,0.8,1.0,-0.22477716172301945,1.6642269420303102,0.2541907543273271,0.24734503920203346,0.278018545526021,0.49980577934259984,0.33718976841147524,8.240451565058715,81.86840352117754
D,garch_t,1,0.5667936330356581,GARCH_T,1234,0.1,0.8,1.0,-0.06837642760027708,0.5431701699780771,0.19177640390695538,0.03715119111327242,0.025233248729289632,0.2490439791370935,0.288850018160753,3.6759693990167888,11.559195955418893
D,garch_t,2,0.5667936330356581,GARCH_T,1234,0.1,0.8,1.0,-0.12186908149575085,0.5689330619259447,0.23269506418483032,0.005869317150287341,0.016836030643449993,0.2747678565437538,0.25243334843759724,1.5105928306449767,10.451681040904328
DAL,garch_t,1,1.289832054148029,GARCH_T,1234,0.1,0.8,1.0,-0.2435345152110594,1.2838413204828,0.22880042590321437,0.00033792697714064553,3.846671576246728e-6,1.0063153104484264,0.3418540326418594,5.475535094356118,54.12735990288935
DAL,garch_t,2,1.289832054148029,GARCH_T,1234,0.1,0.8,1.0,-0.18375813393165655,1.3716217084948685,0.36115411154090227,0.1295656630122878,0.037758081973871205,0.4408161553986396,0.27879918152912003,3.406195558105675,39.14056685548591
DE,garch_t,1,0.9787758329366851,GARCH_T,1234,0.1,0.8,1.0,0.00367361314239624,1.003941769017978,0.44433319086691336,0.5551603867363105,0.432422851102345,0.21483162087341715,0.3044071968304886,4.8481156013364615,17.04351887338376
DE,garch_t,2,0.9787758329366851,GARCH_T,1234,0.1,0.8,1.0,0.11142216029009881,0.9907638786983126,0.39784653062127195,0.04318053713185714,0.09982470012038577,0.22405146762998795,0.28744920550938485,3.648937055655246,18.53854854796739
DFS,garch_t,1,1.4591074953894017,GARCH_T,1234,0.1,0.8,1.0,-0.08194082806761854,1.408222467862502,0.3403116624373713,0.014180648336000072,0.0015006007908442795,0.594377430877132,0.39069918175001617,42.58385382009531,43.78412551144368
DFS,garch_t,2,1.4591074953894017,GARCH_T,1234,0.1,0.8,1.0,-0.1050859522266378,1.4724524839709285,0.6028052484490801,0.029487885403584595,0.0072329127477307326,0.515180427146522,0.29582768870095344,5.604625526427498,27.024429063343234
DG,garch_t,1,0.576983545842154,GARCH_T,1234,0.1,0.8,1.0,0.031223240690134636,0.5425840794694986,0.0700936389894985,0.13792041520248546,0.09915697029975454,0.3152588604472694,0.47212856921876745,98.05972505913248,31.55778114809983
DG,garch_t,2,0.576983545842154,GARCH_T,1234,0.1,0.8,1.0,-0.03459563027191498,0.5662792057644407,0.1295941067543841,0.19757624487656467,0.5968802838802395,0.1659827053836731,0.36774366527764235,17.851213853224703,18.592035946216704
DGX,garch_t,1,0.6590528073531959,GARCH_T,1234,0.1,0.8,1.0,0.07815988180441523,0.6423186819408528,0.1485648365424279,0.03715119111327237,0.01839729240161348,0.38801739053159506,0.3812541567865814,23.85371805493526,20.86584862658299
DGX,garch_t,2,0.6590528073531959,GARCH_T,1234,0.1,0.8,1.0,0.05125586786903298,0.6869684972182762,0.1901063280447607,0.2754788863305614,0.0752208932191544,0.28983247205438534,0.43492074366532796,23.454839050248406,18.652113288323058
DHI,garch_t,1,1.1474014975283624,GARCH_T,1234,0.1,0.8,1.0,0.029097032831846267,1.1345837387046245,0.3672580552360025,0.7782544694527632,0.6900034055619586,0.19016347838252012,0.2789523940772319,3.245337652996744,26.336178306469954
DHI,garch_t,2,1.1474014975283624,GARCH_T,1234,0.1,0.8,1.0,0.03166692750430067,1.1824987813317451,0.41589842400523225,0.7126714552657518,0.43488691259624573,0.23623121344139492,0.3172224015189977,4.428110929973712,25.261847172292452
DIS,garch_t,1,0.9976483750025811,GARCH_T,1234,0.1,0.8,1.0,-0.02615302944866567,1.0411707309092908,0.45564397500908826,0.040067061111044217,0.039199754654290285,0.24257341972333463,0.3273267981110573,9.70862365194274,17.875954648304937
DIS,garch_t,2,0.9976483750025811,GARCH_T,1234,0.1,0.8,1.0,-0.020142209625831325,0.9979964564707471,0.4933207238109668,0.3733503932649037,0.3363153214214228,0.21520901994421548,0.30259830509261,8.964939967903947,15.16979154314183
DLR,garch_t,1,0.772193739034214,GARCH_T,1234,0.1,0.8,1.0,0.1068213265989887,0.7748656954009896,0.2591056050773345,0.18643316604659413,0.1967603497543971,0.22667035834186874,0.2731080740672135,3.768164966148177,17.41113309047289
DLR,garch_t,2,0.772193739034214,GARCH_T,1234,0.1,0.8,1.0,-0.016398442486885392,0.7720046100757165,0.2641477120617791,0.03187137419851477,0.07771216844999393,0.24348972781512077,0.26632724394450574,2.298751638869761,16.952896422356837
DLTR,garch_t,1,0.7486175292085521,GARCH_T,1234,0.1,0.8,1.0,-0.017723773611721595,0.7435957070036272,0.18958200836198358,0.9565364596313503,0.938082771183154,0.23206760036069995,0.32129191386091555,13.285273867178592,21.914299980476166
DLTR,garch_t,2,0.7486175292085521,GARCH_T,1234,0.1,0.8,1.0,-0.11515090766652558,0.793801827434546,0.18313489847518927,0.2903827290319628,0.14978061693003727,0.31408854494687305,0.3597603482454728,23.095350019441053,25.852589551071546
DOV,garch_t,1,1.0941932313860507,GARCH_T,1234,0.1,0.8,1.0,-0.16913652365551576,1.1019297620628106,0.45891449981824106,0.08196799799134305,0.035239405908156954,0.2838227386454515,0.34588212044964184,13.977072970949415,19.88048709003076
DOV,garch_t,2,1.0941932313860507,GARCH_T,1234,0.1,0.8,1.0,-0.02655195507789071,1.1069584150565115,0.4839064239607367,0.4297261921140966,0.24635196478628293,0.1842988652749406,0.3137254958243308,10.67020857070848,19.026206198977953
DPZ,garch_t,1,0.627041710160357,GARCH_T,1234,0.1,0.8,1.0,0.13279273893885762,0.6372989541222487,0.13498817301442523,0.5332866099999254,0.47564125752303155,0.1953487093423008,0.42104162049126137,10.609801413643407,22.606934004352027
DPZ,garch_t,2,0.627041710160357,GARCH_T,1234,0.1,0.8,1.0,0.15678699392699208,0.6117996109754882,0.08596967713751558,0.3384783873513758,0.24145455161357124,0.3512508929500989,0.44520140258471297,49.63834897930726,32.71327855480673
DRI,garch_t,1,1.100200679175156,GARCH_T,1234,0.1,0.8,1.0,0.010715231065379305,1.1154933516439782,0.3967052191971471,0.005869317150287336,0.0002176193253819134,0.6031766703897024,0.2836945336171165,3.7566618047978144,23.567690849110583
DRI,garch_t,2,1.100200679175156,GARCH_T,1234,0.1,0.8,1.0,-0.0057722075003474455,1.0915915627694315,0.3879461691507464,0.0011097738495990826,3.511855634305912e-5,0.6343700369243149,0.2670480356266477,3.844132921279094,23.07808917642434
DTE,garch_t,1,0.6479360496621408,GARCH_T,1234,0.1,0.8,1.0,0.08388454321836208,0.6467205781557416,0.22777496879346926,0.0005260236097289663,5.436308481863354e-6,0.4883988456229793,0.28070178402963986,5.972315339875616,13.79679904846589
DTE,garch_t,2,0.6479360496621408,GARCH_T,1234,0.1,0.8,1.0,-0.019525470419074438,0.6441075360931939,0.3142232419750699,8.358521952671903e-5,7.82480200803503e-5,0.40310917577660454,0.2396673682937614,1.5749524157327022,9.920405632183986
DUK,garch_t,1,0.5318829515658458,GARCH_T,1234,0.1,0.8,1.0,0.04916962731695201,0.5380055771998433,0.2147468446747569,0.00920591936091608,0.0006375080290558589,0.3458588567355206,0.2274890486286862,1.4245855164212164,10.127394754711155
DUK,garch_t,2,0.5318829515658458,GARCH_T,1234,0.1,0.8,1.0,-0.06941165662848611,0.5368351721287151,0.21615016580624358,0.0011097738495990848,0.0007614051470625104,0.3230198993839804,0.2519572027959711,2.164168006292731,10.017914607256891
DVN,garch_t,1,1.4673193527508361,GARCH_T,1234,0.1,0.8,1.0,-0.13218254162012918,1.4998636876257039,0.3441931168157818,0.667584748786672,0.40630051439378595,0.4182976045048083,0.2525981203685242,2.5269980447173834,49.10801445114322
DVN,garch_t,2,1.4673193527508361,GARCH_T,1234,0.1,0.8,1.0,-0.17143899211862754,1.4655832774413855,0.24881616306907806,0.05782922873694778,0.07551090058881106,0.4337529889802093,0.35022325590174774,4.376957062971727,64.86245579755906
EA,garch_t,1,0.7416443422110772,GARCH_T,1234,0.1,0.8,1.0,0.08470784895443235,0.7599237321892777,0.23293058488634644,0.8575634644004929,0.7534310622514628,0.16513201867824667,0.32565318031026996,5.842244678567255,18.62792464648941
EA,garch_t,2,0.7416443422110772,GARCH_T,1234,0.1,0.8,1.0,0.07849938176383821,0.7396511811786141,0.20883787935863174,0.9950466840358589,0.9959167207314452,0.10773031479296209,0.3198300905981822,7.4605185541745005,19.683195686799976
EBAY,garch_t,1,0.8868969469619379,GARCH_T,1234,0.1,0.8,1.0,-0.04623143271797117,0.9288485406466704,0.3102068710718624,0.46984032119867625,0.4074510490642636,0.18955862584207983,0.3281363669586639,7.350759024933508,20.897261023746527
EBAY,garch_t,2,0.8868969469619379,GARCH_T,1234,0.1,0.8,1.0,0.01049333783166545,0.8515985608415132,0.24719908531804347,0.3916118088859156,0.48854960483696086,0.18701605916656502,0.3627708450306386,11.81864872770038,22.043165058841478
ECL,garch_t,1,1.0083787252800513,GARCH_T,1234,0.1,0.8,1.0,-0.05755769365070415,0.9728813722131749,0.4650637995739457,0.005869317150287341,0.0039035914290736344,0.28548786389354,0.3528356831543679,8.285203875733888,15.29178611730733
ECL,garch_t,2,1.0083787252800513,GARCH_T,1234,0.1,0.8,1.0,-0.04018052171076528,1.0178811169565853,0.5075713243005567,0.1656261685585874,0.038307841511619714,0.23815950399103591,0.348899655036597,12.296375238468618,15.337268182928518
ED,garch_t,1,0.4188793758125306,GARCH_T,1234,0.1,0.8,1.0,-0.015811302201508386,0.41727368112865976,0.12380995061922839,0.013025618742549662,0.000706609635919638,0.32417288173431447,0.26579748175843076,2.4931544522810816,10.56665213762178
ED,garch_t,2,0.4188793758125306,GARCH_T,1234,0.1,0.8,1.0,0.028771807809210077,0.39402830153025536,0.13267366704676742,0.1656261685585874,0.08593542939495366,0.211193257452689,0.25739695350269143,1.5420923661412163,8.792676090932142
EFX,garch_t,1,0.9879615882323902,GARCH_T,1234,0.1,0.8,1.0,0.00472202787393515,1.0110620770287313,0.3726155094298723,0.040067061111044265,0.18034072454898586,0.21032788537416322,0.3530558750203438,19.827244611296617,20.613212913707816
EFX,garch_t,2,0.9879615882323902,GARCH_T,1234,0.1,0.8,1.0,-0.023135465350343387,0.9911942185857573,0.43635799808183484,0.6902009153490102,0.5262499992428585,0.20260428634468294,0.3158080762624148,10.990079319402488,16.91708588978285
EIX,garch_t,1,0.6740730107889175,GARCH_T,1234,0.1,0.8,1.0,-0.14925499116490712,0.7032393584025526,0.2469336832595389,0.014180648336000072,0.009553359973526394,0.33678654960029,0.27609445806027166,3.173191493593782,15.047937478074767
EIX,garch_t,2,0.6740730107889175,GARCH_T,1234,0.1,0.8,1.0,-0.09085444007967676,0.6708789635122291,0.2771824206421427,0.03187137419851477,0.1960647617621266,0.2295668142252119,0.2634695780819228,2.4326683458080627,12.200387916267223
EL,garch_t,1,1.0367684389455167,GARCH_T,1234,0.1,0.8,1.0,0.03199512802425575,1.0496355927954497,0.21758862944367707,0.0015117484339815987,5.510579003539363e-6,0.8044495561595321,0.3997564748487922,16.80098148634065,38.04449957711489
EL,garch_t,2,1.0367684389455167,GARCH_T,1234,0.1,0.8,1.0,-0.17582048061220537,1.0708632653674706,0.22455993312967437,0.13792041520248557,0.0314668021994663,0.5023561702503948,0.42400231593730947,75.88164827443383,38.36955354456325
EMR,garch_t,1,1.104838101045338,GARCH_T,1234,0.1,0.8,1.0,-0.1390048272453218,1.1225431026170138,0.46828706274328524,0.13792041520248546,0.08395458022379751,0.27107152017852504,0.33039693747837207,8.549101024492323,20.218310696554457
EMR,garch_t,2,1.104838101045338,GARCH_T,1234,0.1,0.8,1.0,-0.13784794069759446,1.1469832630947208,0.4930858297534031,0.19757624487656467,0.06653509506227921,0.2921151425168039,0.3288800604029607,7.436103851671104,20.046687195615
ENPH,garch_t,1,1.6068711740295383,GARCH_T,1234,0.1,0.8,1.0,0.12608163196742683,1.4979976605862173,0.11222233661629788,0.8194258416202167,0.9840067055833213,0.283829661538597,0.3393887745474412,8.055289529916791,150.24289303527394
ENPH,garch_t,2,1.6068711740295383,GARCH_T,1234,0.1,0.8,1.0,0.08537983982901448,1.5940414232669913,0.1305415487218704,0.9345394905034378,0.9132665347109727,0.3779939406666868,0.3238690838538085,5.401408892725611,146.2518672219109
EOG,garch_t,1,1.105495438017718,GARCH_T,1234,0.1,0.8,1.0,-0.16217485958884037,1.175694541124656,0.20990728700861339,0.010051271572415204,0.0019820326081205915,0.7350248692986868,0.3500014847598855,5.1771060853101325,49.47803715168157
EOG,garch_t,2,1.105495438017718,GARCH_T,1234,0.1,0.8,1.0,0.01981691374576325,1.0903946925601815,0.17713869501978374,0.07144798192849842,0.01286805589614854,0.6812215512110403,0.35989015955052944,6.6354765049029325,50.431860641141625
EQIX,garch_t,1,0.8497039618567311,GARCH_T,1234,0.1,0.8,1.0,0.12365226153704098,0.8319690752564127,0.29644427457358524,0.20922832556926946,0.31796027899049684,0.16695720644691558,0.29130886825741,3.5393906466264555,17.543743729596482
EQIX,garch_t,2,0.8497039618567311,GARCH_T,1234,0.1,0.8,1.0,0.12941687137714894,0.842508736688553,0.22484254212710109,0.3916118088859156,0.09585737215827204,0.3209661972186946,0.3652722226362899,13.212239660015545,23.720362067833832
EQR,garch_t,1,0.7810477439492672,GARCH_T,1234,0.1,0.8,1.0,-0.11381282716922525,0.7289652351422844,0.306796443369869,0.03187137419851477,0.04857411332611024,0.2325632927221812,0.27112628645553416,3.9579782797219085,13.014104444557745
EQR,garch_t,2,0.7810477439492672,GARCH_T,1234,0.1,0.8,1.0,-0.09011514070159925,0.7855378468655093,0.37215636387636475,0.1656261685585874,0.07116974841563763,0.2539651078592902,0.24362866775771386,1.8437849183872324,12.458327767878718
ESS,garch_t,1,0.8045007245827464,GARCH_T,1234,0.1,0.8,1.0,-0.046413781720659374,0.8163195555647035,0.35770990668120595,0.0431805371318572,0.03749308643997453,0.2588513698866952,0.2598241875577238,2.6864005663844663,13.997175483706096
ESS,garch_t,2,0.8045007245827464,GARCH_T,1234,0.1,0.8,1.0,0.08875057158836294,0.7679533828299735,0.3514790181619941,0.3916118088859155,0.24875066342386704,0.2172045232194747,0.25757777799177883,3.1976152453037665,12.607276723486812
ETN,garch_t,1,1.1693488720620178,GARCH_T,1234,0.1,0.8,1.0,0.17548349398220695,1.18330428712061,0.5279326780088545,0.004877503273024215,0.009537146139216515,0.292183264171475,0.3085066587922239,4.891956835183107,19.928073006227738
ETN,garch_t,2,1.1693488720620178,GARCH_T,1234,0.1,0.8,1.0,0.010557637114899765,1.1941530566106373,0.4931918731741235,0.3218819004834169,0.15797552648722113,0.24847556258880354,0.36417383882627813,11.706698587433307,21.724763233531323
ETR,garch_t,1,0.6373886414115995,GARCH_T,1234,0.1,0.8,1.0,0.04608179930284702,0.6297626100916435,0.2508870891732251,0.000999673300936702,0.001003709482781579,0.357351794516004,0.23890255541649924,1.6169503541833468,11.877537394866499
ETR,garch_t,2,0.6373886414115995,GARCH_T,1234,0.1,0.8,1.0,0.00380577585442983,0.6542435264761278,0.2790391253191369,0.0033392525540793983,0.0032529846131455656,0.31682465824270944,0.2585574570195414,1.6770430641362104,11.52563178366245
EW,garch_t,1,0.9954583834311528,GARCH_T,1234,0.1,0.8,1.0,0.11557320630088701,0.998689310148554,0.18629042505768556,0.5773186341936012,0.7683103924346169,0.21435263851999858,0.33932906485590836,292.3707047614655,40.22733325539495
EW,garch_t,2,0.9954583834311528,GARCH_T,1234,0.1,0.8,1.0,-0.06254875831798676,0.9783312796296577,0.3191717343738857,0.32188190048341714,0.3681370290771046,0.23225300898627435,0.3353324323658137,9.796802308985702,22.531931864103008
EXC,garch_t,1,0.7300033578172089,GARCH_T,1234,0.1,0.8,1.0,-0.07864974647837938,0.7367065968849098,0.285572801162287,0.0024942546536577555,0.01153237166911652,0.3104495951457131,0.28934281663405353,2.9243011509324193,14.279837012078733
EXC,garch_t,2,0.7300033578172089,GARCH_T,1234,0.1,0.8,1.0,-0.0236722061999243,0.7351658886383242,0.2774045353604281,0.0024942546536577555,0.0009768972483556063,0.40987421563981374,0.27591151077116227,2.8107362947565635,14.638888833741104
EXPE,garch_t,1,1.2636669020087368,GARCH_T,1234,0.1,0.8,1.0,-0.12575673726985334,1.2526675788028294,0.32025460488101765,0.4297261921140966,0.3387036789714149,0.32280490941403867,0.3588412467875902,7.504601308777223,36.81520862592289
EXPE,garch_t,2,1.2636669020087368,GARCH_T,1234,0.1,0.8,1.0,-0.06583114879408085,1.2560456026351445,0.3163538688018712,0.7991659946854219,0.5813266675065654,0.2734856979129712,0.35449321361189406,19.47944721899394,37.47042674924154
EXR,garch_t,1,0.6678100319493576,GARCH_T,1234,0.1,0.8,1.0,-0.02685665960918781,0.6577576235512436,0.14955688983279725,0.0012311099952031,0.00037541937592157625,0.47876084734621455,0.3323699440118118,5.61052238550919,21.73583507400062
EXR,garch_t,2,0.6678100319493576,GARCH_T,1234,0.1,0.8,1.0,0.06117359216968045,0.6369884288316736,0.23231879364611185,0.4297261921140966,0.19550873460627927,0.2405498636304019,0.3029207715454815,3.1715988301307707,13.122896908305236
FANG,garch_t,1,1.3045548831458735,GARCH_T,1234,0.1,0.8,1.0,-0.01137558254876972,1.2690348159343399,0.26517950037024574,0.013025618742549662,0.11518530549875623,0.47320695221774633,0.24467073176074303,2.181756488717128,45.63080186603577
FANG,garch_t,2,1.3045548831458735,GARCH_T,1234,0.1,0.8,1.0,-0.031890301987170064,1.344543440782522,0.3139695862620343,0.35563640912672545,0.19774260881648706,0.47932905778778895,0.27029155818592504,2.801671398008737,43.26264526119312
FAST,garch_t,1,0.953954201605435,GARCH_T,1234,0.1,0.8,1.0,-0.08044874948359733,0.9705157463816625,0.3932027738781697,0.10017541553538531,0.08145366242573274,0.2620665801974969,0.31405891595506774,11.30672991112022,17.998635159903817
FAST,garch_t,2,0.953954201605435,GARCH_T,1234,0.1,0.8,1.0,-0.02714994264636375,0.9881787008540331,0.42594108524257945,0.3384783873513757,0.3591422175066962,0.18584596353149152,0.3109752832326231,8.003795012312212,17.22552309332551
FCX,garch_t,1,1.637580764595418,GARCH_T,1234,0.1,0.8,1.0,-0.286709657654502,1.5074340860052975,0.22430367588179478,0.040067061111044217,0.029648572511080894,0.5897924906936983,0.25901283172345646,3.5323716639658596,76.11867960321484
FCX,garch_t,2,1.637580764595418,GARCH_T,1234,0.1,0.8,1.0,-0.5157510909924803,1.7798031885515047,0.15873863399834665,5.868474812389312e-11,2.31868854682722e-20,2.996566255225086,0.31137287040272155,3.698362034608606,149.93820131745278
FDX,garch_t,1,1.0850683426686176,GARCH_T,1234,0.1,0.8,1.0,-0.1575317551636507,1.0997865476419317,0.40661500377904136,0.35563640912672545,0.31282555029415005,0.22848849471332755,0.35273660388202766,13.064362462642237,22.350352708256473
FDX,garch_t,2,1.0850683426686176,GARCH_T,1234,0.1,0.8,1.0,-0.0879198489143082,1.0635784765986112,0.4845689907383325,0.6222589308962223,0.5639079345085749,0.2585832311160163,0.3090437582654591,5.833750399134459,17.54019575027308
FE,garch_t,1,0.6487374614080191,GARCH_T,1234,0.1,0.8,1.0,0.0340803386727547,0.6446668385341064,0.24010036766146414,0.03442261297181621,0.01962683041826492,0.2919593024220307,0.2758408503823696,3.890177634563339,13.005552632244044
FE,garch_t,2,0.6487374614080191,GARCH_T,1234,0.1,0.8,1.0,-0.09116341856275265,0.6623758263204167,0.22076917061593782,0.008425570156687563,0.007532253692416716,0.3131235821780233,0.31829772101206516,6.129480264328441,14.93212087836708
FFIV,garch_t,1,0.9723493872368998,GARCH_T,1234,0.1,0.8,1.0,-0.021223002899929053,0.9831713171228206,0.32712766128666637,0.9345394905034377,0.8884647765632951,0.12435899874004054,0.3501834424739338,14.544446057180672,22.202000378014954
FFIV,garch_t,2,0.9723493872368998,GARCH_T,1234,0.1,0.8,1.0,-0.059965273429302864,0.8782271078812149,0.2754921901124624,0.3733503932649037,0.6763526015765507,0.13903267126949295,0.3857124838497672,10.213631580111558,21.035622049161756
FIS,garch_t,1,1.039475168681903,GARCH_T,1234,0.1,0.8,1.0,0.054084183843844835,1.0870166597754065,0.2655471516293263,0.00011968566812051485,6.393813121546361e-7,0.8396606967175463,0.39160354662113017,42.54416370254189,33.43349108598954
FIS,garch_t,2,1.039475168681903,GARCH_T,1234,0.1,0.8,1.0,-0.08153016281183356,1.011800191263355,0.2837429410224692,0.5332866099999254,0.2045567728029068,0.34873908128707093,0.4286952782544985,37.51392317872198,27.10912017786881
FITB,garch_t,1,1.3404241849747915,GARCH_T,1234,0.1,0.8,1.0,0.16795809241225432,1.3489416059110644,0.3022353891018402,9.6658581025903e-6,7.586315388345317e-6,0.7987622164615473,0.37864645459584934,16.839551117169574,45.236808700513244
FITB,garch_t,2,1.3404241849747915,GARCH_T,1234,0.1,0.8,1.0,-0.09825861626865762,1.2980333418139753,0.34453773599073867,0.02948788540358457,0.016473414832495765,0.4003329988637851,0.3876725504382932,16.13853908150012,36.74395284058316
FMC,garch_t,1,1.056345183909771,GARCH_T,1234,0.1,0.8,1.0,-0.25028164694351285,1.0805153771596012,0.17858794528346889,0.09376436847831704,0.02859966559860856,0.570626908734725,0.42923334451337436,59.787974959331834,49.12026911913601
FMC,garch_t,2,1.056345183909771,GARCH_T,1234,0.1,0.8,1.0,-0.21887875145315344,1.119140451801681,0.37019086224235975,0.46984032119867625,0.6404910191026857,0.19066746726369288,0.2861270447694859,6.530851085944002,25.421107521357406
FOX,garch_t,1,0.8324784113631902,GARCH_T,1234,0.1,0.8,1.0,-0.008214219737613382,0.8257922578086746,0.23318078063363368,0.644910325449324,0.7495988106675334,0.15846942414986145,0.30986629959116185,17.999139413572514,21.97353026568915
FOX,garch_t,2,0.8324784113631902,GARCH_T,1234,0.1,0.8,1.0,-0.022208933162580664,0.771554333845716,0.2828622452062768,0.7991659946854217,0.4404074438700684,0.2380983828520868,0.28557809476189067,4.386782452393305,15.812808821359246
FOXA,garch_t,1,0.812310520281316,GARCH_T,1234,0.1,0.8,1.0,0.15649815897001423,0.7556052526941678,0.06652310734275246,0.1295656630122878,0.022085862785547923,0.8020814244682851,0.5739137233547739,148.484436078477,64.48643727501661
FOXA,garch_t,2,0.812310520281316,GARCH_T,1234,0.1,0.8,1.0,0.0634954440923352,0.8104570631391007,0.1554480629767746,0.010051271572415223,0.0007174758703299161,0.6059352368652893,0.39327575664398634,10.533183948044131,31.748680670062747
FRT,garch_t,1,0.8900527391683906,GARCH_T,1234,0.1,0.8,1.0,-0.14087078481525075,0.8813744687703275,0.3323406291932949,0.025187614314172872,0.0027373541086510716,0.37998308294255173,0.29886097490150226,3.99244164016947,17.56258618789623
FRT,garch_t,2,0.8900527391683906,GARCH_T,1234,0.1,0.8,1.0,-0.13334452163714938,0.8820745489114701,0.3697069148316475,0.029487885403584595,0.017778686697005736,0.33619548464385623,0.2500049017399065,3.5798187399657166,15.812625430229605
FTNT,garch_t,1,1.2262240143544068,GARCH_T,1234,0.1,0.8,1.0,0.12632329925715194,1.2245823620800638,0.35169973556655443,0.004441519053703021,0.033919478055992165,0.41016889165148945,0.3216014819775886,5.3740567894022835,32.03722803551916
FTNT,garch_t,2,1.2262240143544068,GARCH_T,1234,0.1,0.8,1.0,0.12249756939394324,1.24847117418543,0.3267544147685222,0.5117470272646123,0.6546370658187923,0.23204629898047235,0.3300481416514912,26.120188398020222,35.841530722171306
GD,garch_t,1,0.8176092165973875,GARCH_T,1234,0.1,0.8,1.0,-0.029906838855709023,0.830210517769171,0.40104270429263855,0.0876998397071932,0.027394092110598945,0.22608570955323515,0.3056564072048454,4.25675546441002,12.913287387785001
GD,garch_t,2,0.8176092165973875,GARCH_T,1234,0.1,0.8,1.0,0.03411018600544405,0.8183142398599217,0.4616461728920158,0.2754788863305614,0.19543547559079852,0.17959297927866846,0.28008395241843154,3.5427917019508346,10.898882037545286
GILD,garch_t,1,0.6454375465639792,GARCH_T,1234,0.1,0.8,1.0,-0.07584016343627825,0.6582041004398967,0.21681054153724466,0.8194258416202167,0.49881805433200976,0.18780766157943263,0.343850731085568,4.957990397843237,15.013838752368635
GILD,garch_t,2,0.6454375465639792,GARCH_T,1234,0.1,0.8,1.0,-0.09032748909912144,0.6225994427355741,0.17569731375299913,0.3384783873513758,0.5290295533931929,0.14867097826713452,0.33335279197607315,13.10311757367456,16.576899637376727
GIS,garch_t,1,0.37020673739758586,GARCH_T,1234,0.1,0.8,1.0,-0.0057173611223972215,0.34701808957509983,0.11473769369265219,0.053815093802986165,0.015986207940029803,0.27070895184455335,0.27972493294026923,4.476013552920767,7.885860451916672
GIS,garch_t,2,0.37020673739758586,GARCH_T,1234,0.1,0.8,1.0,-0.029624294655920286,0.3715779977557567,0.06712742075964351,0.04318053713185714,0.001407317937564362,0.42554057945774904,0.34199032322090894,7.092545696085288,15.454358918779619
GLD,garch_t,1,0.02703541253367222,GARCH_T,1234,0.1,0.8,1.0,0.09674111501031293,0.022679322990026257,0.0008114745226900366,0.6222589308962223,0.6149061106829947,0.0764706293798627,0.29308801758526587,2.4609237196447555,4.762513914227944
GLD,garch_t,2,0.02703541253367222,GARCH_T,1234,0.1,0.8,1.0,0.047123039134061406,0.04557903718313195,0.0035228107485428817,0.5551603867363105,0.4434843108492992,0.08969775622661269,0.2475623262983585,2.5742214000152472,4.430900068786485
GLW,garch_t,1,1.1672452694400104,GARCH_T,1234,0.1,0.8,1.0,-0.12588856930386247,1.173066505843087,0.4940287758257843,0.3058498487511271,0.2124524370025971,0.2085006729590243,0.3247263837176646,6.721325655028718,20.928784093991066
GLW,garch_t,2,1.1672452694400104,GARCH_T,1234,0.1,0.8,1.0,-0.01154547805861339,1.1473285785904404,0.5167031517637166,0.2903827290319627,0.3039204050208095,0.18557582457316837,0.34732522676680666,4.744857726855509,19.141919555128474
GNRC,garch_t,1,1.3596461446511454,GARCH_T,1234,0.1,0.8,1.0,-0.10336943949437973,1.363437024759423,0.27813975952677306,0.2341029855198848,0.23717402468867607,0.3508252954979053,0.3460751192071757,6.6979177757186985,50.217844340743
GNRC,garch_t,2,1.3596461446511454,GARCH_T,1234,0.1,0.8,1.0,0.012890348985465871,1.3183253286638081,0.26180779936422516,0.1295656630122877,0.25753106765255396,0.29497527555123665,0.3583232706983534,23.976372405247282,49.87852321017053
GOOG,garch_t,1,1.1606010968883893,GARCH_T,1234,0.1,0.8,1.0,-0.06471354805035308,1.1590949129413066,0.44889027927577274,0.010051271572415204,0.07127692277669145,0.246095407673525,0.349239413581224,25.164175163716365,22.487893362235337
GOOG,garch_t,2,1.1606010968883893,GARCH_T,1234,0.1,0.8,1.0,-0.0677158081603931,1.149581257808234,0.5259300375640394,0.07144798192849842,0.3480065173324662,0.18283299994275728,0.30800439670583624,4.85569217218266,18.880015577524645
GPC,garch_t,1,0.9247267565336736,GARCH_T,1234,0.1,0.8,1.0,-0.12558454185933748,0.9003569002915219,0.44678062360376525,0.09376436847831704,0.10973896475724028,0.22390422905222565,0.3054099792100503,4.663324918704664,13.63283062778787
GPC,garch_t,2,0.9247267565336736,GARCH_T,1234,0.1,0.8,1.0,-0.016414450489263294,0.9242173108636813,0.4841608997036957,0.7349033282832016,0.7177344326498569,0.18095577612845695,0.2726965026784665,4.590016716868109,13.255907304616947
GPN,garch_t,1,1.2524220913142565,GARCH_T,1234,0.1,0.8,1.0,-0.08156218654130856,1.2426896198188095,0.5537670329819817,0.8752347874245365,0.7785726227194006,0.19669144716986414,0.3037144419824068,5.955150342017346,20.953144989451946
GPN,garch_t,2,1.2524220913142565,GARCH_T,1234,0.1,0.8,1.0,0.0863777260047478,1.2473882592909653,0.5452866109728494,0.18643316604659413,0.25642276149098964,0.23504955718120638,0.34473438859812966,5.453551773709062,21.440230222439258
GRMN,garch_t,1,0.9254469171489612,GARCH_T,1234,0.1,0.8,1.0,0.11879433480267633,0.9302952456596815,0.3908760961387723,0.5773186341936011,0.5838132261608157,0.1487651027086346,0.32911046369857494,8.922980126563239,16.636174427816783
GRMN,garch_t,2,0.9254469171489612,GARCH_T,1234,0.1,0.8,1.0,-0.00634535871912234,0.9007637382465411,0.3860350803895507,0.9073133476228827,0.9266501707250321,0.12501683354240667,0.3532128167307097,8.657588267002607,15.79232202782862
GS,garch_t,1,1.191933506213237,GARCH_T,1234,0.1,0.8,1.0,0.0011608433882684538,1.17637948538634,0.4519127852006445,0.040067061111044217,0.00817062645664852,0.40129269433174725,0.3251860943371133,4.8493288630207045,23.00865493001606
GS,garch_t,2,1.191933506213237,GARCH_T,1234,0.1,0.8,1.0,-0.06022654781716304,1.2040852863328575,0.4310996363778018,0.23410298551988498,0.047221639092383735,0.35078390995181624,0.3486021341314852,13.00803211075609,25.268986115696276
GWW,garch_t,1,0.9165755131960484,GARCH_T,1234,0.1,0.8,1.0,-0.004811368505062752,0.9066375126845932,0.3575432516683301,0.07655519219104727,0.21945810553498027,0.19036927208099858,0.3262406348782721,6.075946365528512,17.27387440194208
GWW,garch_t,2,0.9165755131960484,GARCH_T,1234,0.1,0.8,1.0,0.005279105017297503,0.9300640486228022,0.3438285004372523,0.1295656630122878,0.2886715011996751,0.20088456795593987,0.33210637546616045,12.393920603116001,18.903177642326302
HAL,garch_t,1,1.4060576254709682,GARCH_T,1234,0.1,0.8,1.0,-0.2936057379491078,1.3113464206440044,0.3156579663713811,0.15593691856369873,0.3018412942253601,0.3150453794468607,0.3218891666635952,5.127407224249245,40.93257728908615
HAL,garch_t,2,1.4060576254709682,GARCH_T,1234,0.1,0.8,1.0,-0.13909255561516196,1.4316611401682684,0.2787576872633549,0.05004335277576385,0.00390689896848172,0.7490551558534304,0.2536448819944389,3.7210269590265144,55.24647787760499
HAS,garch_t,1,0.9399208163761077,GARCH_T,1234,0.1,0.8,1.0,-0.08665234063223964,0.9495574482808774,0.26611219926609797,0.20922832556926946,0.08186914657894967,0.2942131592998188,0.37169145230240724,13.022330913569405,25.4582577809169
HAS,garch_t,2,0.9399208163761077,GARCH_T,1234,0.1,0.8,1.0,-0.0517395762065282,0.945849172008275,0.27003461183976396,0.20922832556926946,0.10062878060882009,0.2645470245478565,0.375861798885202,8.745724524510468,24.892889815160345
HBAN,garch_t,1,1.1757705472907223,GARCH_T,1234,0.1,0.8,1.0,0.042990831568764834,1.165939518093298,0.4396653039915256,0.469840321198676,0.40693097288226515,0.2538118417992801,0.3205828864289067,5.145931351014825,23.23169110193722
HBAN,garch_t,2,1.1757705472907223,GARCH_T,1234,0.1,0.8,1.0,-0.13605874738161916,1.1963676761871507,0.4499833020640005,0.19757624487656467,0.3516400875777098,0.2613111377772289,0.2817064767230573,3.9635669736229087,23.899230470993388
HBI,garch_t,1,1.1616019978890026,GARCH_T,1234,0.1,0.8,1.0,-0.088065660949189,1.085249776792658,0.18881582636568028,0.1295656630122877,0.2106500319891956,0.5386328964959161,0.36729730245532727,6.272109144748834,46.8675219192121
HBI,garch_t,2,1.1616019978890026,GARCH_T,1234,0.1,0.8,1.0,-0.2975445655785355,1.1004431285871232,0.12197316540196934,0.13792041520248557,0.01627403909366913,0.8800030383882482,0.46046746483660905,22.538230074962282,74.59708991785101
HCA,garch_t,1,0.995027772044908,GARCH_T,1234,0.1,0.8,1.0,0.08926593046355433,0.9751347860589494,0.3446400879873177,0.2341029855198848,0.19879520780458532,0.3037674539659263,0.29505283600499693,4.523165544475195,20.73072452287775
HCA,garch_t,2,0.995027772044908,GARCH_T,1234,0.1,0.8,1.0,0.1933137168061138,0.9662507527734697,0.27643465697505754,0.14670621149483895,0.0906854703178361,0.3221619554552318,0.32927100619204985,18.727620056384456,25.37687700642662
HD,garch_t,1,0.9888456930669485,GARCH_T,1234,0.1,0.8,1.0,0.05226301604615856,0.9990961224806271,0.4822233694134591,0.06663316470800926,0.015307294262020127,0.2945994267745211,0.3378488903468985,5.743666958850405,15.553110879316078
HD,garch_t,2,0.9888456930669485,GARCH_T,1234,0.1,0.8,1.0,0.0023999907178373636,1.001047650047115,0.5726462326256595,0.08196799799134305,0.10714576470415683,0.20669036354448092,0.2793828387960634,5.567532802690595,13.148435112937598
HES,garch_t,1,1.2804500334666828,GARCH_T,1234,0.1,0.8,1.0,-0.08231577015725507,1.2790311667533107,0.31690734677774735,0.7991659946854219,0.46800214511043475,0.2720916460142504,0.331225855489539,5.928878452669432,38.78652945849325
HES,garch_t,2,1.2804500334666828,GARCH_T,1234,0.1,0.8,1.0,-0.0201233948238171,1.2772502489452366,0.2972747648090529,0.3218819004834169,0.3785582668904089,0.24503740112941938,0.3043489187248016,3.8208986680313863,41.232998882383434
HIG,garch_t,1,0.9769463500630536,GARCH_T,1234,0.1,0.8,1.0,-0.017141376358350738,1.0133751136808589,0.5701778304148089,0.8752347874245365,0.7413378365273947,0.2192889351008513,0.27338745674351705,5.6301339944387045,13.53259600505325
HIG,garch_t,2,0.9769463500630536,GARCH_T,1234,0.1,0.8,1.0,0.022086678622638953,0.9748607431543266,0.4540463358958535,0.13792041520248546,0.046610630944353866,0.279016266964865,0.325501321533084,4.371613232710088,15.726640645123515
HII,garch_t,1,0.8184550924385219,GARCH_T,1234,0.1,0.8,1.0,-0.07388253644079171,0.850975679964906,0.24943703496771463,0.04650229204730138,0.05983767151240261,0.261528598766613,0.3404661109978588,24.6019798656666,21.813448863606236
HII,garch_t,2,0.8184550924385219,GARCH_T,1234,0.1,0.8,1.0,-0.05147895822186319,0.8135608443790497,0.28613820860565187,0.12162792605187567,0.14376959983793833,0.2519365181406362,0.32998336017122143,11.153686948911675,17.380217113053895
HLT,garch_t,1,1.014331313516684,GARCH_T,1234,0.1,0.8,1.0,-0.01691724184990226,0.9676625354652567,0.37632446232091954,0.7126714552657518,0.6238773292172536,0.1807843663003257,0.32781775636233934,5.9190939072031465,18.695469610309974
HLT,garch_t,2,1.014331313516684,GARCH_T,1234,0.1,0.8,1.0,-0.05949612686432413,1.0191927308716593,0.28395648067266344,0.3218819004834169,0.13232434911892302,0.32867539423705244,0.3624353590259464,14.890028989860003,27.486017870576248
HOLX,garch_t,1,0.8192422191601603,GARCH_T,1234,0.1,0.8,1.0,0.07806883578015264,0.8594964441315653,0.2778886804735391,0.10694695769331247,0.0457925430125378,0.2924581128214292,0.36028593536499454,6.908153750082125,19.974149055315557
HOLX,garch_t,2,0.8192422191601603,GARCH_T,1234,0.1,0.8,1.0,-0.005675272588685151,0.8386745837797493,0.1958357691919741,0.6222589308962219,0.5177712145709932,0.22731216023729725,0.41446096193581683,142.1287063213244,26.9864600664851
HON,garch_t,1,0.9704897078422059,GARCH_T,1234,0.1,0.8,1.0,0.0019477962645430003,0.9659919128524803,0.3641156132211141,0.00010626378598172683,9.059443681316556e-7,0.5933888634763416,0.3725103578003918,18.20037542677246,19.255670856172515
HON,garch_t,2,0.9704897078422059,GARCH_T,1234,0.1,0.8,1.0,0.0687180423750581,0.9532862693961612,0.6368662753908496,0.18643316604659413,0.25772559015164853,0.1628857773713828,0.32097078991299494,6.41979656266467,10.721348128377032
HPQ,garch_t,1,1.1651139255375897,GARCH_T,1234,0.1,0.8,1.0,-0.11196146499970172,1.1499486751734118,0.34482138009681074,0.07144798192849842,0.07360423989269818,0.34367306024533817,0.32937271044764205,7.57578055188581,28.814673516572665
HPQ,garch_t,2,1.1651139255375897,GARCH_T,1234,0.1,0.8,1.0,-0.01394934533498278,1.1801686673645728,0.3591598846506605,0.1656261685585874,0.1419927861678052,0.3474223285052988,0.3600731816833013,11.409360825323347,29.137434585750825
HRL,garch_t,1,0.408453067469517,GARCH_T,1234,0.1,0.8,1.0,-0.09802699431229377,0.39837540293793794,0.09399301744052013,0.14670621149483895,0.08689953277978138,0.1987806291479371,0.3472822730594393,6.756093743829281,12.686458818496314
HRL,garch_t,2,0.408453067469517,GARCH_T,1234,0.1,0.8,1.0,0.03232929734427691,0.4006364127257898,0.0948382305003449,0.4297261921140966,0.28042482467763247,0.1561538521753612,0.3583890084440146,7.51216406004303,12.716522654335533
HSIC,garch_t,1,0.7897397396739682,GARCH_T,1234,0.1,0.8,1.0,-0.07667046564490977,0.8048284596735675,0.1565554498238818,0.1559369185636986,0.01217676344163879,0.578907828370253,0.41369138373365455,34.46164162024087,31.08776027791853
HSIC,garch_t,2,0.7897397396739682,GARCH_T,1234,0.1,0.8,1.0,-0.15324664063395427,0.731865537322581,0.10948955493813473,0.10694695769331247,0.008023959161851857,0.703312088597074,0.45691333905765696,33.462078157887035,36.75706941696565
HST,garch_t,1,1.1254925199690182,GARCH_T,1234,0.1,0.8,1.0,-0.14947127195117305,1.1492911403172623,0.41565387361765915,0.13792041520248546,0.16453953386110287,0.25689043467590517,0.3030149832965985,3.7789732705380485,23.87697253582148
HST,garch_t,2,1.1254925199690182,GARCH_T,1234,0.1,0.8,1.0,-0.08151312218199443,1.135505278830083,0.41396228899462006,0.3384783873513757,0.38562417073873145,0.22471513887415942,0.2706969118521698,2.920017712240635,23.40283711008201
HSY,garch_t,1,0.5319265268620553,GARCH_T,1234,0.1,0.8,1.0,0.0895192868799835,0.5425792627390685,0.21379720833380744,0.41040886465000037,0.17191777710194092,0.2014314727360801,0.3175124865564446,3.40547533830504,10.346067953596924
HSY,garch_t,2,0.5319265268620553,GARCH_T,1234,0.1,0.8,1.0,-0.011078942102222995,0.532259424377407,0.17956726854233462,0.18643316604659413,0.05488620463984258,0.2436833492229198,0.31429764147091205,12.96694465777646,11.854152714054313
HUM,garch_t,1,0.780268658497962,GARCH_T,1234,0.1,0.8,1.0,0.07603876055241195,0.7077648941199631,0.11596179268545881,0.14670621149483895,0.13393137948053194,0.3068047272437323,0.4257540630047534,51.80960049374286,32.457426968611614
HUM,garch_t,2,0.780268658497962,GARCH_T,1234,0.1,0.8,1.0,0.016755451241132507,0.6988665389436872,0.1459397678803125,0.02325346220890381,0.010293106564072006,0.3397902123823932,0.4029193015757225,9.800006302943325,25.14582090184276
IBM,garch_t,1,0.8457183586873076,GARCH_T,1234,0.1,0.8,1.0,-0.08812338314969957,0.844818395523216,0.47064280590374896,0.5332866099999254,0.3724165524210272,0.17886235825537294,0.3798628065044649,6.023213741623609,11.394263892659444
IBM,garch_t,2,0.8457183586873076,GARCH_T,1234,0.1,0.8,1.0,-0.0928390478987168,0.8527463958119208,0.41416760717452816,0.46984032119867625,0.34452696566116664,0.1765651266739963,0.32337891316704814,8.285988890366365,13.192121136536448
ICE,garch_t,1,0.8219434326872835,GARCH_T,1234,0.1,0.8,1.0,-0.004047877661998614,0.8143290272031134,0.39633106713763055,0.013025618742549662,0.07174785564210732,0.19687784167073055,0.2989374166654414,3.541630902138725,12.571661801665046
ICE,garch_t,2,0.8219434326872835,GARCH_T,1234,0.1,0.8,1.0,-0.020613647493156015,0.8331249770467897,0.4081533699159068,0.13792041520248557,0.10135507901433519,0.20565780010680004,0.26983031444283184,3.2211208270524025,12.777559072153611
IDXX,garch_t,1,1.0417847868544565,GARCH_T,1234,0.1,0.8,1.0,0.16655468506682772,0.9851509743092857,0.26936907504851715,0.1656261685585874,0.29764782521024835,0.2390816112119139,0.3907204228440197,53.010853408768625,27.071281931861158
IDXX,garch_t,2,1.0417847868544565,GARCH_T,1234,0.1,0.8,1.0,0.06557199502782013,1.07907959721124,0.39990211989894064,0.41040886465000037,0.5580113826034581,0.15963171798834502,0.32355816524038855,6.049085162342685,21.877829347192073
IEX,garch_t,1,0.918687562824876,GARCH_T,1234,0.1,0.8,1.0,-0.014662613998720611,0.907908600894778,0.4767541157648387,0.3218819004834169,0.3947581986962093,0.12886478102538415,0.2829063530000195,5.735455929745212,12.990946197684057
IEX,garch_t,2,0.918687562824876,GARCH_T,1234,0.1,0.8,1.0,-0.04284332935607404,0.9016792151383859,0.47384321029440746,0.23410298551988498,0.2993049191376737,0.150476267041699,0.28336684058542344,3.6692856340230398,12.892003951012741
IFF,garch_t,1,0.9035332055370922,GARCH_T,1234,0.1,0.8,1.0,-0.12093057634917645,0.8990068399173898,0.27752603171416024,0.1656261685585874,0.13858981401599071,0.2672484315323604,0.4030896930865553,10.852430923617945,21.881306050469178
IFF,garch_t,2,0.9035332055370922,GARCH_T,1234,0.1,0.8,1.0,-0.12110283885318993,0.9140383402732847,0.13815058579251271,0.062097799744532806,0.019447483987025952,0.6472433863548869,0.5421451087375916,75.6951511387042,45.438822625121766
ILMN,garch_t,1,1.2040106063813507,GARCH_T,1234,0.1,0.8,1.0,-0.2945190165742736,1.181752974222843,0.1844885612100189,0.4297261921140966,0.44123213340925105,0.2929237096953077,0.348538894039458,108.5069757496898,56.87677176417075
ILMN,garch_t,2,1.2040106063813507,GARCH_T,1234,0.1,0.8,1.0,-0.2027690463857698,1.2236366422913116,0.26923206800068167,0.32188190048341714,0.32581617829832027,0.27517167263431985,0.31581207946152295,4.973099030224726,41.78583977176152
INCY,garch_t,1,0.8684714676521327,GARCH_T,1234,0.1,0.8,1.0,-0.0627533231763634,0.8661019333210096,0.11886871855748304,0.1295656630122878,0.03601154689928687,0.5189989796009773,0.3554172603123045,6.966925670376666,47.41561737000823
INCY,garch_t,2,0.8684714676521327,GARCH_T,1234,0.1,0.8,1.0,0.0026176927978051184,0.8098354474688935,0.09969341371689489,0.5773186341936012,0.17682945691628252,0.46681487193426097,0.35193196115983244,10.541377260320978,49.428572920640086
INTU,garch_t,1,1.3082873614456827,GARCH_T,1234,0.1,0.8,1.0,0.017200557198066097,1.2889430610129464,0.5771156573606405,0.10017541553538539,0.18917347042281202,0.23724057409245,0.31358806139825984,6.021052372857218,21.629953365188268
INTU,garch_t,2,1.3082873614456827,GARCH_T,1234,0.1,0.8,1.0,-0.000942397337859141,1.2819910837011306,0.5394232655799853,0.02325346220890381,0.06318204981184826,0.25560846071631776,0.29629989337741475,5.113659763894624,22.892399164990184
IP,garch_t,1,0.9935232868063013,GARCH_T,1234,0.1,0.8,1.0,-0.11749921254599768,0.9728206284480307,0.30720295377492357,0.040067061111044265,0.07045729782640452,0.2855814708970664,0.30202145376499573,7.179471901786419,23.146809084379875
IP,garch_t,2,0.9935232868063013,GARCH_T,1234,0.1,0.8,1.0,-0.10352960200447747,0.9775652958253278,0.3718445848153018,0.9215633666950049,0.9253944540020127,0.13821141671908796,0.3061641413627684,5.805874749224971,19.30994621476581
IPG,garch_t,1,1.0985911349135506,GARCH_T,1234,0.1,0.8,1.0,0.0010628639520420397,1.1123415994257833,0.4342136591739685,0.2214004944504064,0.1431310193356563,0.24899816475382502,0.30175770676456104,4.49483136229406,21.410354196545974
IPG,garch_t,2,1.0985911349135506,GARCH_T,1234,0.1,0.8,1.0,-0.0823060975665879,1.1109769409781398,0.4312339358441053,0.7567984371807895,0.6390518237666274,0.1616347069257356,0.32506755624549605,5.218254100943939,21.505430173904223
IPGP,garch_t,1,1.1912446144196926,GARCH_T,1234,0.1,0.8,1.0,-0.2744936534734838,1.1657296718771601,0.25481152795891493,0.07144798192849842,0.14806004611157694,0.29336472142511244,0.341168003075287,7.5840160445780676,40.07076227568192
IPGP,garch_t,2,1.1912446144196926,GARCH_T,1234,0.1,0.8,1.0,-0.09576943175640548,1.1187433731404877,0.23688051980486025,0.1295656630122878,0.3330107812834947,0.2878846703116756,0.3442549107439339,16.317018732255086,39.69927527629043
IR,garch_t,1,0.9344174115809996,GARCH_T,1234,0.1,0.8,1.0,0.0018467315447426719,0.910408079068976,0.3589534871348953,0.23410298551988498,0.1309829331392619,0.3656678102094717,0.32421838275512604,8.680925938881693,17.34942172233756
IR,garch_t,2,0.9344174115809996,GARCH_T,1234,0.1,0.8,1.0,0.01697775260734409,0.8683537412338858,0.31672948868515005,0.46984032119867625,0.42183645776380085,0.2906005554608706,0.3324126718156477,7.873902291645871,17.887754849361222
IRM,garch_t,1,0.8488088277754311,GARCH_T,1234,0.1,0.8,1.0,-0.08617316363062572,0.8752047652987774,0.27704358640984017,0.05004335277576385,0.06722884349556846,0.24696388380926942,0.305553599190852,7.139664397652716,20.774100153835352
IRM,garch_t,2,0.8488088277754311,GARCH_T,1234,0.1,0.8,1.0,0.15919641145475671,0.8652394134645431,0.26659953613531695,0.09376436847831691,0.04359930471712511,0.28123006011435053,0.30894923853646955,4.665455435589257,21.099111805052814
ISRG,garch_t,1,1.182543243546297,GARCH_T,1234,0.1,0.8,1.0,0.15806867419451887,1.1533507675076042,0.4408133330568531,0.3384783873513758,0.22759754543970048,0.22823330285187118,0.3164306748525638,5.290881824373152,22.673526374041195
ISRG,garch_t,2,1.182543243546297,GARCH_T,1234,0.1,0.8,1.0,0.14620928418366858,1.1496599281498556,0.4249611309589255,0.18643316604659413,0.45955341267681477,0.15647208636941612,0.34951226532076746,7.20426348237805,23.369022866262096
IT,garch_t,1,1.032585025346996,GARCH_T,1234,0.1,0.8,1.0,-0.019326773912801534,1.0362424233192409,0.44110146143836426,0.062097799744532854,0.0738766095784433,0.29200719434789946,0.32971381369459607,4.518916626262709,18.2909058410962
IT,garch_t,2,1.032585025346996,GARCH_T,1234,0.1,0.8,1.0,-0.007495596677426178,0.9819133823773402,0.4392577975072123,0.3916118088859156,0.40129535802504657,0.22655173277958152,0.3046761208053603,4.265001744601228,16.4921718989975
ITW,garch_t,1,0.9744788132563952,GARCH_T,1234,0.1,0.8,1.0,0.05674285963185703,0.9875209922743445,0.5619023234569187,0.07144798192849836,0.04283748683804221,0.21803197482849093,0.3184356733437974,5.555208662929813,13.04015697565402
ITW,garch_t,2,0.9744788132563952,GARCH_T,1234,0.1,0.8,1.0,0.04296308544366649,0.9835376657064903,0.4784270964382532,0.06663316470800919,0.025835892599362486,0.27458723458115947,0.35599267292218384,7.563078056811291,15.192078597849676
IVZ,garch_t,1,1.515806066266263,GARCH_T,1234,0.1,0.8,1.0,-0.28250110934050504,1.5370045345665606,0.5681576729189062,0.8389267727157638,0.8096786729126325,0.19630529540119357,0.3043944114477782,5.091614946675195,31.241537287058414
IVZ,garch_t,2,1.515806066266263,GARCH_T,1234,0.1,0.8,1.0,-0.29427533522144733,1.5157395916510645,0.6211960528579379,0.979728679113903,0.7320560980797647,0.24596060248873408,0.2796725335287581,5.014508696756982,27.78890770109306
JBHT,garch_t,1,0.9011715324604775,GARCH_T,1234,0.1,0.8,1.0,0.09168427127010353,0.926216556420434,0.43227386227711717,0.050043352775763786,0.059448956696535625,0.25259158964397577,0.2546436757129069,2.9707653765605784,14.911353902694891
JBHT,garch_t,2,0.9011715324604775,GARCH_T,1234,0.1,0.8,1.0,0.053948519434135436,0.8971545878000844,0.36394300268945745,0.5332866099999254,0.7777641488427712,0.12828887411908965,0.27248178848665255,3.2538729370260375,16.616982604701263
JCI,garch_t,1,1.0245443615083611,GARCH_T,1234,0.1,0.8,1.0,-0.015196643002469479,1.0383007239079243,0.4810857605585599,0.6222589308962219,0.431036149360732,0.19735152520510807,0.32231937917630415,13.694857202778667,16.83739054227286
JCI,garch_t,2,1.0245443615083611,GARCH_T,1234,0.1,0.8,1.0,0.005647749775419916,1.0667084519905115,0.4614460706280895,0.8389267727157638,0.5624949059239789,0.1937754336025693,0.34604621036808775,14.135961635772553,18.527699345651307
JKHY,garch_t,1,0.7435000781227386,GARCH_T,1234,0.1,0.8,1.0,0.025483617525381808,0.7593227514214833,0.43278543140284353,0.32188190048341714,0.3259891810928761,0.1701864831222697,0.29844852689008244,5.388975292469254,10.009932916447678
JKHY,garch_t,2,0.7435000781227386,GARCH_T,1234,0.1,0.8,1.0,0.0243547238670712,0.7299975093610224,0.3768922986939882,0.12162792605187567,0.3224123430170948,0.15169579935701857,0.29049210908425693,9.581739051437822,10.623716380627924
JNJ,garch_t,1,0.55098772942823,GARCH_T,1234,0.1,0.8,1.0,-0.03779996318978872,0.5582672495818495,0.3121887660139975,0.02325346220890381,0.03468289698611646,0.2013765464740259,0.25960284360975044,2.318661777144275,7.500979961731649
JNJ,garch_t,2,0.55098772942823,GARCH_T,1234,0.1,0.8,1.0,-0.11268592428868046,0.5495289494232087,0.233487891197803,0.08196799799134298,0.032007261355137595,0.2169460464617391,0.32236645676796377,14.739066511076707,9.717795689516665
JNPR,garch_t,1,0.8436496836087555,GARCH_T,1234,0.1,0.8,1.0,0.06092341429592481,0.7986045676284385,0.26863515651252023,0.07655519219104737,0.3306245089814524,0.20150596980355473,0.38260218081623126,9.413289435611935,17.838227792932866
JNPR,garch_t,2,0.8436496836087555,GARCH_T,1234,0.1,0.8,1.0,-0.021212389262598344,0.8634852519950281,0.24670841341598881,0.2341029855198848,0.32230883507197605,0.1991547853750156,0.38660171198299886,28.26092955351711,22.70789423923774
JPM,garch_t,1,1.1124637606523704,GARCH_T,1234,0.1,0.8,1.0,0.08182299809876441,1.0944742350352876,0.5519792734945328,0.09376436847831691,0.10280305523615134,0.21675246919441662,0.32816921628028434,8.144340428347892,16.305694024546572
JPM,garch_t,2,1.1124637606523704,GARCH_T,1234,0.1,0.8,1.0,0.020002267829210205,1.138922077201551,0.49024914808942655,0.02145231434094707,0.005925801210870242,0.3255171610364369,0.3392538038946908,8.734378520066768,19.880264115085055
K,garch_t,1,0.36287189568067857,GARCH_T,1234,0.1,0.8,1.0,-0.028183678907255594,0.3716719748538938,0.10199592204483987,0.667584748786672,0.6009869287517157,0.1199902609595828,0.34533652478270394,10.81866240721234,10.176250676672199
K,garch_t,2,0.36287189568067857,GARCH_T,1234,0.1,0.8,1.0,-0.053713752794421796,0.3879130567424675,0.09530416611504688,0.7349033282832014,0.5432568951341773,0.13837803266505982,0.38737178305701914,49.82543321823113,11.863364771251335
KEY,garch_t,1,1.4038086404820438,GARCH_T,1234,0.1,0.8,1.0,-0.16030473820789493,1.4642040936750371,0.5140107704042873,0.2341029855198848,0.16085802675915417,0.3450138794653392,0.2857492398292773,4.126199490782288,31.338773009663484
KEY,garch_t,2,1.4038086404820438,GARCH_T,1234,0.1,0.8,1.0,-0.07320835575523035,1.4252478046438517,0.4722422345787519,0.1656261685585874,0.18494886321993212,0.32997356507820874,0.2982430945197701,4.9718387758249305,32.319669470353766
KIM,garch_t,1,1.0153713342477182,GARCH_T,1234,0.1,0.8,1.0,-0.03740383071982911,1.038043164524153,0.1835175797666012,0.02145231434094707,0.00021910712190936023,0.8650298062170846,0.418884907491084,16.99931863740338,44.116812576525064
KIM,garch_t,2,1.0153713342477182,GARCH_T,1234,0.1,0.8,1.0,-0.19926773575706347,1.0009577755730537,0.34670630474060726,0.02325346220890381,0.035628979726425265,0.34415587567344746,0.27511547711660767,3.115510327306281,21.713045896348056
KLAC,garch_t,1,1.4982677716829358,GARCH_T,1234,0.1,0.8,1.0,0.1004518111381357,1.5153211718736452,0.42620357590992497,0.015426939587819271,0.0038887072535156862,0.44784156040052714,0.33559217561011284,8.304741396319054,40.48025760942055
KLAC,garch_t,2,1.4982677716829358,GARCH_T,1234,0.1,0.8,1.0,-0.06889215513603107,1.4479679507027352,0.4386347943778254,0.0033392525540793983,0.018072802293731205,0.34129240828482715,0.2897904362400922,5.0349903703651915,35.91416670821191
KMB,garch_t,1,0.4712143006161275,GARCH_T,1234,0.1,0.8,1.0,0.009588065992587068,0.4909753594954019,0.11298059391873083,0.00920591936091608,0.02721117895748202,0.2821034323527997,0.4354074007065552,60.68549148200646,16.03121780548195
KMB,garch_t,2,0.4712143006161275,GARCH_T,1234,0.1,0.8,1.0,-0.10583732352574335,0.4458082903979861,0.1614440727281753,0.00643148920400932,0.019547456938625342,0.19061777601791532,0.2944440929185644,3.2832233345658812,9.249646823642884
KMI,garch_t,1,0.9562842814308781,GARCH_T,1234,0.1,0.8,1.0,-0.13296687727594278,0.9809207091429775,0.3406073376300496,0.050043352775763786,0.028475854390407784,0.32509135409922457,0.2601661430407993,4.674179182309326,21.225834890802368
KMI,garch_t,2,0.9562842814308781,GARCH_T,1234,0.1,0.8,1.0,-0.2204470205224066,0.9691493233627818,0.33558381226199574,0.040067061111044265,0.09514887855613931,0.27924369337566823,0.2838081894760788,3.6139889699445256,21.02961707897905
KMX,garch_t,1,1.2127414166652395,GARCH_T,1234,0.1,0.8,1.0,-0.06475654778544299,1.1720278069827044,0.3149221595575792,0.5773186341936011,0.5735829999611102,0.19781353432041082,0.37305992570507984,7.458770987637365,32.773557437723746
KMX,garch_t,2,1.2127414166652395,GARCH_T,1234,0.1,0.8,1.0,-0.144992561404878,1.1721139866641916,0.35916785193322587,0.8575634644004929,0.8380143880501483,0.2230069523354191,0.2984244335317561,3.887558176934932,28.740426842613363
KO,garch_t,1,0.586287917391781,GARCH_T,1234,0.1,0.8,1.0,-0.022755891486796513,0.5747471668781112,0.32457447719498445,0.26113474774358547,0.04652019375332793,0.20035526851468188,0.3071243783315702,3.7793488373359994,7.6469858493797345
KO,garch_t,2,0.586287917391781,GARCH_T,1234,0.1,0.8,1.0,-0.06488259929581229,0.5781330544228986,0.28089753061004274,0.02145231434094707,0.017916264321796306,0.20768547021051595,0.3340226607335067,22.81444444859953,8.940435088866545
KR,garch_t,1,0.38469292922656184,GARCH_T,1234,0.1,0.8,1.0,0.16617404771497396,0.3561731878968028,0.04313907321871402,0.7567984371807893,0.756578478411829,0.14602392793759175,0.35579839642554456,31.67405884744388,22.095437774166058
KR,garch_t,2,0.38469292922656184,GARCH_T,1234,0.1,0.8,1.0,-0.22835112198286367,0.4017128286306959,0.013872432748646468,0.018218182646631772,0.011303707614187922,0.6237116532778095,0.48396655765813046,876.7731715351732,87.40368606862408
L,garch_t,1,1.014149350079437,GARCH_T,1234,0.1,0.8,1.0,-0.1242482607663885,1.0220758762440247,0.3003869300598896,6.772251327162857e-7,8.12606273263435e-11,0.8785280726541748,0.37012035216067607,21.054922841390827,26.129807951611006
L,garch_t,2,1.014149350079437,GARCH_T,1234,0.1,0.8,1.0,-0.08274858867180562,1.0071977894493584,0.6876723982851701,0.5773186341936012,0.44659281918546034,0.22245561343489487,0.29461769174815805,7.1611900266489865,11.084061052610213
LDOS,garch_t,1,0.8460533977594095,GARCH_T,1234,0.1,0.8,1.0,0.026554708715066683,0.8243799116613708,0.19504109083756138,0.010051271572415223,0.0073434041131160335,0.4247294512306927,0.3526264797508522,157.92632859779349,26.180603779327704
LDOS,garch_t,2,0.8460533977594095,GARCH_T,1234,0.1,0.8,1.0,-0.042680104771781135,0.8206546543097905,0.368314415862642,0.10694695769331257,0.21853486543170902,0.28368722511766453,0.3034875725866861,4.812226328496786,13.738936958730932
LEG,garch_t,1,1.123578470504454,GARCH_T,1234,0.1,0.8,1.0,-0.48863208882518544,1.1311477874024756,0.20640697856756762,0.00021459327802258175,2.936692588815902e-7,0.9435619104536902,0.4089617539763965,25.92893463857782,46.576333579909544
LEG,garch_t,2,1.123578470504454,GARCH_T,1234,0.1,0.8,1.0,-0.21735743294237386,1.1339321095633201,0.49766672573543147,0.644910325449324,0.32904965757950366,0.3472439909868871,0.2774823940806654,4.766853986608631,19.412723850384737
LEN,garch_t,1,1.181286820170508,GARCH_T,1234,0.1,0.8,1.0,0.01886914286832253,1.185856151795266,0.3360839909683673,0.35563640912672545,0.49200066885844096,0.17168939079743498,0.35057834716139896,6.982365785451401,31.438887558434615
LEN,garch_t,2,1.181286820170508,GARCH_T,1234,0.1,0.8,1.0,0.11077989636159713,1.2114904333374577,0.389886449081965,0.03442261297181621,0.07989614737300103,0.2781090455679182,0.27512734861770904,5.240556916502992,28.284780409928885
LH,garch_t,1,0.8691792423946613,GARCH_T,1234,0.1,0.8,1.0,-0.09477531064985113,0.8790149654349223,0.30044155440453535,0.053815093802986165,0.042680399734121834,0.2555738549718438,0.4184749419891669,12.331310722524965,19.323398594679695
LH,garch_t,2,0.8691792423946613,GARCH_T,1234,0.1,0.8,1.0,-0.17941650610234686,0.9025932761547675,0.3093909882372766,0.0024942546536577555,0.001096858777632601,0.37642043746832876,0.35243541260072225,14.328777650426698,19.7846104048697
LKQ,garch_t,1,1.1269767322734676,GARCH_T,1234,0.1,0.8,1.0,-0.12424001593101182,1.1503156540005464,0.45335047407656803,0.8389267727157638,0.9151190964248263,0.1788623401054183,0.3350189167906911,6.780708432416965,21.930622537428054
LKQ,garch_t,2,1.1269767322734676,GARCH_T,1234,0.1,0.8,1.0,-0.06514617967615854,1.1048000889531888,0.40279297387921476,0.13792041520248546,0.191848422995172,0.24956290677572052,0.31691988630645956,7.337693575332576,22.768608479053192
LLY,garch_t,1,0.694221679320733,GARCH_T,1234,0.1,0.8,1.0,0.2886206216670084,0.688037017923993,0.1120221442693381,0.0005260236097289663,0.00023255999324719087,0.654985672449547,0.388832131417961,24.42989055219748,31.75197198656598
LLY,garch_t,2,0.694221679320733,GARCH_T,1234,0.1,0.8,1.0,0.22393436726098326,0.6461715576139831,0.09048636190085635,0.5773186341936012,0.15155712186052797,0.4359496794728526,0.4738883925764824,89.53524023957635,34.670772865498954
LMT,garch_t,1,0.640751761817214,GARCH_T,1234,0.1,0.8,1.0,0.06816848892537371,0.6461881425876822,0.2292052029837277,0.040067061111044265,0.0030241244717584153,0.3267699663574962,0.36139755073635627,6.46856850519946,13.688141044623965
LMT,garch_t,2,0.640751761817214,GARCH_T,1234,0.1,0.8,1.0,0.059565962782811746,0.6331574559573476,0.3041477881833802,0.7126714552657518,0.766567610037739,0.13857522715315684,0.31378632261443845,4.287226888732214,9.903524099393746
LNC,garch_t,1,1.792282956174365,GARCH_T,1234,0.1,0.8,1.0,-0.25310497682835315,1.7714591497739118,0.4747284549323397,0.062097799744532854,0.009229341056391983,0.5509762692064997,0.34840517434381557,6.3458128058004775,49.66700753750751
LNC,garch_t,2,1.792282956174365,GARCH_T,1234,0.1,0.8,1.0,-0.21839701985838056,1.8084128449923005,0.39317839100544516,0.0022598342446050893,5.800747778085995e-5,0.9481099760956369,0.37932624173890817,7.290918531768467,62.49661561695684
LNT,garch_t,1,0.5490849554413342,GARCH_T,1234,0.1,0.8,1.0,0.007298089939158849,0.5348691425986539,0.18010066299526217,0.0070424129589221635,0.0006852127351945368,0.3398258880197049,0.2554256502826284,2.150301652018734,11.935228827542819
LNT,garch_t,2,0.5490849554413342,GARCH_T,1234,0.1,0.8,1.0,0.04443819576327427,0.5213615984763851,0.18406876403645145,0.02726292028609383,0.006261804271090043,0.2753046870182479,0.31173884853307315,2.25875696247828,11.095553129149502
LOW,garch_t,1,1.0647056877443994,GARCH_T,1234,0.1,0.8,1.0,-0.008258742393609741,1.080088100074452,0.44187530278219345,0.15593691856369873,0.028199143903350304,0.3251540931128016,0.3416676018779833,4.544605515677859,19.83670835261836
LOW,garch_t,2,1.0647056877443994,GARCH_T,1234,0.1,0.8,1.0,0.08709289745983854,1.0662863184603741,0.4613344003702753,0.062097799744532854,0.016648910622865297,0.34694591522389734,0.2856849826224716,4.728446403546857,18.517519392859892
LRCX,garch_t,1,1.6179386461138463,GARCH_T,1234,0.1,0.8,1.0,0.14738736213670006,1.6645888666435928,0.42602114655392676,0.35563640912672523,0.4794662296833598,0.2812057479295565,0.34274168767659224,25.39623809688796,48.86903787140303
LRCX,garch_t,2,1.6179386461138463,GARCH_T,1234,0.1,0.8,1.0,0.05294731697434918,1.6240871229571336,0.47506190493132094,0.3218819004834169,0.5001650028037973,0.20849549779035884,0.2734078031790259,4.391995124028332,41.717609489550355
LUV,garch_t,1,1.055820919957921,GARCH_T,1234,0.1,0.8,1.0,-0.05920629871469457,1.1222224575890074,0.21661047718592252,0.10017541553538539,0.028143365576632457,0.5123751007979909,0.35484449250458233,21.91671153673729,43.684706902062096
LUV,garch_t,2,1.055820919957921,GARCH_T,1234,0.1,0.8,1.0,-0.040247722634484326,1.0238094226544467,0.13884703070364213,0.0876998397071932,0.004821627257178309,0.7833236789853503,0.43654255620300386,40.26433753455168,56.72214194658761
LVS,garch_t,1,1.1732494503340305,GARCH_T,1234,0.1,0.8,1.0,0.04067710204152829,1.1613279569995159,0.12850816475837568,9.451268504023051e-8,5.401475983140089e-13,1.8053198389915446,0.3500187134907834,7.793535548397198,78.85514145857371
LVS,garch_t,2,1.1732494503340305,GARCH_T,1234,0.1,0.8,1.0,-0.19171418948310964,1.0405250905867585,0.10966908689448962,7.405093618273569e-5,1.6587786899608945e-9,1.5749682152318363,0.34804331524627735,7.415154122487147,74.17744340181397
LYB,garch_t,1,1.221267366614057,GARCH_T,1234,0.1,0.8,1.0,-0.09284174477172653,1.2016780138114669,0.3846502490500824,0.12162792605187557,0.039739659008322444,0.33409422100825714,0.30466934294800785,4.111083517974473,28.207278536250172
LYB,garch_t,2,1.221267366614057,GARCH_T,1234,0.1,0.8,1.0,-0.08787825623462414,1.271085099358221,0.40767566254618726,0.03715119111327237,0.003717239976180212,0.48018493722956185,0.2779563551551388,3.251137659510274,29.777308749893894
LYV,garch_t,1,1.2169270899562232,GARCH_T,1234,0.1,0.8,1.0,0.011479602122366483,1.215227550718603,0.43453502604411065,0.5773186341936011,0.3109896729248064,0.3625609782476986,0.31020716719716823,5.1940041307439415,25.53532557731255
LYV,garch_t,2,1.2169270899562232,GARCH_T,1234,0.1,0.8,1.0,-0.1409838116974585,1.173298396326762,0.21089784591901617,0.00275100242561749,0.0008439520955456611,0.6283367218617141,0.41872308981952283,34.01944379422579,49.045118100573745
MA,garch_t,1,1.2213070027357684,GARCH_T,1234,0.1,0.8,1.0,0.11040783860806155,1.2214598398184835,0.5104350304988796,0.0431805371318572,0.02551952242105899,0.6758359604526476,0.35617332709828137,13.50026955113399,21.96184830842468
MA,garch_t,2,1.2213070027357684,GARCH_T,1234,0.1,0.8,1.0,0.11039426297959595,1.2041412146619979,0.5357698107726119,0.00487750327302422,0.0043068802129504246,0.7190066474406577,0.32086908133826136,9.11819963587018,20.33422284387145
MAA,garch_t,1,0.7720324910549318,GARCH_T,1234,0.1,0.8,1.0,-0.04733146746471812,0.7858951581726001,0.3460610100203675,0.0012311099952031011,0.0007635688730059659,0.3551842895404386,0.23464149220931038,1.7718886328038028,13.409961460664496
MAA,garch_t,2,0.7720324910549318,GARCH_T,1234,0.1,0.8,1.0,-0.0960113576329894,0.7354764777533661,0.3326536781720377,0.0015117484339816016,0.022911031188615927,0.23330210426017636,0.28080561119893344,3.312989066020913,12.217890250725796
MAR,garch_t,1,1.1087015211820714,GARCH_T,1234,0.1,0.8,1.0,0.04188937085723604,1.0868201451355426,0.3318787854666474,0.013025618742549662,0.0012519616284925124,0.45944420356602467,0.3160889683060847,3.807438569421394,26.7415663598389
MAR,garch_t,2,1.1087015211820714,GARCH_T,1234,0.1,0.8,1.0,0.031852855394281634,1.1265820476035615,0.48386951426392744,0.7782544694527636,0.38748833514153125,0.25853609808395184,0.3440339868855523,6.199395222173322,19.708263786440238
MAS,garch_t,1,1.0433151332717954,GARCH_T,1234,0.1,0.8,1.0,-0.023476205350737078,1.1082847092404906,0.4571284584198756,0.7991659946854219,0.9607121544598467,0.11626434920719865,0.3135758662359308,11.111607667243328,20.189027436593758
MAS,garch_t,2,1.0433151332717954,GARCH_T,1234,0.1,0.8,1.0,0.07696116307906857,1.0601038927443434,0.40839357371613516,0.24734503920203346,0.17753757457571193,0.19727855175963493,0.3014973680961698,4.226871239617819,20.67611472876031
MCD,garch_t,1,0.6841024771465025,GARCH_T,1234,0.1,0.8,1.0,0.07015567052887975,0.6687852011715019,0.3602846874033281,0.02325346220890379,0.01415592555556241,0.24066189481718728,0.31984804146865176,4.195977206929356,9.327783963654111
MCD,garch_t,2,0.6841024771465025,GARCH_T,1234,0.1,0.8,1.0,0.068888803668076,0.7279229267820113,0.32002000686203247,0.08196799799134305,0.024370312576011542,0.2335805929362615,0.3702607687886981,121.7257787479985,12.440694935591344
MCHP,garch_t,1,1.5069022305068354,GARCH_T,1234,0.1,0.8,1.0,-0.13391569926557037,1.404472788105313,0.13248813310874885,2.565270444426329e-10,1.0031154729117067e-21,2.7222799105196507,0.4226837571237501,23.42953952334794,111.86665499702428
MCHP,garch_t,2,1.5069022305068354,GARCH_T,1234,0.1,0.8,1.0,0.16494542745880394,1.4824071390626923,0.36504692012409456,0.003031985582771836,8.821247741457207e-5,0.7834939816810941,0.2937535577522404,4.703511578388836,45.23111371361098
MCK,garch_t,1,0.7417472914970251,GARCH_T,1234,0.1,0.8,1.0,0.04772122279026335,0.7425918450435699,0.22309318515290044,0.10017541553538539,0.1103271213516864,0.2321314071433083,0.3390879737187952,5.613485726657645,18.57227140548625
MCK,garch_t,2,0.7417472914970251,GARCH_T,1234,0.1,0.8,1.0,-0.04420276114813536,0.7607581026973772,0.24365534223352614,0.12162792605187567,0.08375502509856848,0.25278147081501795,0.28009065041937586,3.2425448178453715,17.84712271608304
MCO,garch_t,1,1.1863228059418518,GARCH_T,1234,0.1,0.8,1.0,-0.036214562969038425,1.1948149558228227,0.6112728979934319,4.5289193044912e-5,0.0002576632666114842,0.36405472945634876,0.3124130672401667,4.933779685484086,17.547576071955103
MCO,garch_t,2,1.1863228059418518,GARCH_T,1234,0.1,0.8,1.0,0.04659465397806578,1.183837495402579,0.6364181119653005,0.040067061111044217,0.015491434068569438,0.29145740008059506,0.2941116426919998,6.074947199842821,16.54598498663884
MDLZ,garch_t,1,0.710590126873678,GARCH_T,1234,0.1,0.8,1.0,-0.012496370129838355,0.7063335107512416,0.3526490916674496,0.0876998397071932,0.04696514567088653,0.2002816802848461,0.3195729170652199,3.0527731352357703,10.629866910489842
MDLZ,garch_t,2,0.710590126873678,GARCH_T,1234,0.1,0.8,1.0,0.00807224653701892,0.748158087871256,0.36230903059701236,0.02145231434094703,0.00831884623207468,0.25571421826053836,0.2772006525986838,4.084672444281975,11.608031175225179
MDT,garch_t,1,0.8184736505743008,GARCH_T,1234,0.1,0.8,1.0,-0.011443285195238476,0.8058581740838142,0.3725052780307321,0.20922832556926946,0.3869658715227278,0.14016044692312946,0.3420725593899927,5.476403589572776,13.098928594939043
MDT,garch_t,2,0.8184736505743008,GARCH_T,1234,0.1,0.8,1.0,-0.031532428186669924,0.843431380214119,0.34206246591083767,0.016770632212380454,0.01624146982773059,0.2992365564974461,0.34296175686779523,11.241201667966713,15.625900782506035
MET,garch_t,1,1.2130836985623137,GARCH_T,1234,0.1,0.8,1.0,-0.05212506105327462,1.201432768952289,0.47023749285007244,0.008425570156687563,0.002201248960761657,0.39284819723518977,0.2925616982255066,4.106057299004262,23.06389580772415
MET,garch_t,2,1.2130836985623137,GARCH_T,1234,0.1,0.8,1.0,-0.06735025194074443,1.1927093951603247,0.49692842191461806,0.03187137419851477,0.05003065440426224,0.2699875445121789,0.31875108596006924,4.8002607736600105,21.509306986599345
MGM,garch_t,1,1.6075792477242852,GARCH_T,1234,0.1,0.8,1.0,-0.07302065931806798,1.6291755137324662,0.46753894754788805,0.07655519219104727,0.04396915585880634,0.46859572929409116,0.2872686165219707,4.0297749750155045,42.65489995864857
MGM,garch_t,2,1.6075792477242852,GARCH_T,1234,0.1,0.8,1.0,-0.19558418306757686,1.6296844935355554,0.5537583564606741,0.7126714552657518,0.7689886358890587,0.31829091208992494,0.2741170434913487,5.490513716599455,36.03609705859051
MHK,garch_t,1,1.229832457208623,GARCH_T,1234,0.1,0.8,1.0,-0.1450368019789588,1.1996744762896876,0.560169995080573,0.03187137419851474,0.0024827921695974235,0.709323793396042,0.27154692230882865,4.653924899574962,19.304473885307104
MHK,garch_t,2,1.229832457208623,GARCH_T,1234,0.1,0.8,1.0,-0.18320773091982773,1.2521578000493254,0.5193623639560581,0.23410298551988498,0.0343693908241138,0.5383853668997652,0.3259205726553615,5.468015056191616,22.68290249528573
MKC,garch_t,1,0.5715006345078598,GARCH_T,1234,0.1,0.8,1.0,-0.016660563776686406,0.5671563377874851,0.20569582537850373,0.23410298551988498,0.20211652399849456,0.18974590427570998,0.33742992820336865,6.121708204443523,11.749816273719357
MKC,garch_t,2,0.5715006345078598,GARCH_T,1234,0.1,0.8,1.0,-0.030941768266546484,0.5201826453875643,0.1684298913665404,0.18643316604659413,0.10728682203313773,0.20160539960671423,0.35771918508680123,7.568267866220543,12.071007611570968
MKTX,garch_t,1,0.7945712578038597,GARCH_T,1234,0.1,0.8,1.0,0.01627068558554433,0.7774437566922812,0.23192454534270135,0.10017541553538539,0.06985295607723346,0.3721562831003073,0.2922712899802294,3.472081544984791,19.5813315582652
MKTX,garch_t,2,0.7945712578038597,GARCH_T,1234,0.1,0.8,1.0,-0.18668881489121197,0.8368828889964656,0.13275249405015643,0.03442261297181621,0.007468878442992771,0.5625822232222578,0.36594827704075344,24.039484717352668,39.64036658196992
MLM,garch_t,1,1.0791132674556458,GARCH_T,1234,0.1,0.8,1.0,-0.04624176780744409,1.072299218600849,0.3819716640299644,0.37335039326490416,0.30293532683565466,0.23506890257360866,0.2529292010509395,2.853834647282417,22.617875377476672
MLM,garch_t,2,1.0791132674556458,GARCH_T,1234,0.1,0.8,1.0,-0.09753150726204136,1.1170844883742475,0.424088786543815,0.4905855013392302,0.50559598707833,0.19576990401767896,0.29805031624510164,3.778865148390169,22.10885379789657
MMC,garch_t,1,0.820923226351231,GARCH_T,1234,0.1,0.8,1.0,0.09314977131304318,0.8063954980481861,0.5055877692999052,0.20922832556926946,0.06693681001361565,0.18560447047860903,0.3034422564180605,4.572011233272118,9.663859430717878
MMC,garch_t,2,0.820923226351231,GARCH_T,1234,0.1,0.8,1.0,0.09828885986791717,0.8161596973669625,0.5469024642842631,0.1467062114948388,0.07979049948829639,0.16155848148748161,0.32066982409992334,4.978338006185107,9.151481044169449
MNST,garch_t,1,0.8309409401442828,GARCH_T,1234,0.1,0.8,1.0,0.07622565740383559,0.781721115144825,0.26399351093182166,0.19757624487656467,0.19437173330951735,0.2131169686685298,0.3396185535170115,7.3816252048525275,17.392475823906747
MNST,garch_t,2,0.8309409401442828,GARCH_T,1234,0.1,0.8,1.0,-0.08673249163452428,0.8522726378724061,0.28274274497773566,0.2754788863305614,0.21920886312280966,0.2345453636230725,0.33493750735679634,9.630756325467281,19.30263487972128
MO,garch_t,1,0.5585343488662545,GARCH_T,1234,0.1,0.8,1.0,-0.08672369434468485,0.5927933209800601,0.08715044955561613,6.4637767043620855e-6,3.5163951913776603e-10,1.0370630307788753,0.41167052172921426,13.555782322077324,30.2961851550654
MO,garch_t,2,0.5585343488662545,GARCH_T,1234,0.1,0.8,1.0,-0.09557117788824271,0.5063957824839981,0.12318308081020835,2.8346508291622563e-6,5.353749324761003e-7,0.5243767449937522,0.31279713610595994,3.387319332627742,15.641560284870865
MPC,garch_t,1,1.2778234733753198,GARCH_T,1234,0.1,0.8,1.0,-0.0014184932679429108,1.3104304907743194,0.3193746311416964,0.08196799799134305,0.028173699649929832,0.4288875668151095,0.2970669089714388,5.112556663348148,40.399736985137075
MPC,garch_t,2,1.2778234733753198,GARCH_T,1234,0.1,0.8,1.0,-0.008327740504098236,1.364345061470442,0.27312601736443465,0.0016734002409653419,4.383555818033924e-6,0.9606484398153415,0.2673928664884122,3.0714424383967485,51.207827220290255
MPWR,garch_t,1,1.6534059246016568,GARCH_T,1234,0.1,0.8,1.0,0.2427876772005808,1.6127735797496916,0.4590367056160445,0.24734503920203346,0.4092735875173606,0.2330833404897315,0.3464587748055331,6.005390419993326,42.57457887800458
MPWR,garch_t,2,1.6534059246016568,GARCH_T,1234,0.1,0.8,1.0,0.09630477755413777,1.6468760961326137,0.6331244465477233,0.08769983970719311,0.014437002556287057,0.5869510311213707,0.3025221901877461,6.393969339039183,32.18724037049682
MRK,garch_t,1,0.5809189600953327,GARCH_T,1234,0.1,0.8,1.0,-0.016125129074196262,0.5599983265199551,0.1875759208097424,0.2754788863305614,0.21820981595994748,0.15494997355500625,0.34063649627575443,6.9050884022205015,12.561669004589124
MRK,garch_t,2,0.5809189600953327,GARCH_T,1234,0.1,0.8,1.0,0.09797952260311049,0.5211529238789101,0.15443687316102384,0.5551603867363103,0.33616039812448295,0.1541704541770625,0.36094967888173735,15.698048309620933,13.213879187131955
MS,garch_t,1,1.3200803963706076,GARCH_T,1234,0.1,0.8,1.0,0.037689406810550524,1.3062812583225272,0.5746737851563377,0.35563640912672523,0.44796603118386114,0.16996106034481998,0.3171677203907518,6.026314089023639,22.310175153135184
MS,garch_t,2,1.3200803963706076,GARCH_T,1234,0.1,0.8,1.0,-0.006129845597362821,1.2960093028780537,0.5914712076736613,0.2754788863305614,0.3694610494095238,0.18877248818250567,0.30022588339996725,4.797875288436247,21.337012122783506
MSCI,garch_t,1,1.1695930385223698,GARCH_T,1234,0.1,0.8,1.0,0.024467797403748576,1.1947210740615832,0.5089345961558973,0.20922832556926946,0.31299520548817683,0.19983829746862272,0.3153829837663122,4.649727072238981,21.072790478733367
MSCI,garch_t,2,1.1695930385223698,GARCH_T,1234,0.1,0.8,1.0,0.20334246634553482,1.2121096108943574,0.4862907009954207,0.12162792605187557,0.04503028858666802,0.3060615093900395,0.26808794343656267,3.738463892766058,22.70067646619646
MSFT,garch_t,1,1.2062502093145309,GARCH_T,1234,0.1,0.8,1.0,0.02930898160903292,1.2250329024474702,0.6260472175133533,0.3058498487511271,0.17578835808719528,0.2008751213588432,0.28232719125804334,5.990407144804266,18.011064912103887
MSFT,garch_t,2,1.2062502093145309,GARCH_T,1234,0.1,0.8,1.0,0.16564070800476402,1.199709653088514,0.6316400598973587,0.1656261685585874,0.28515571700217973,0.1791409447852909,0.29024264986012854,6.240138879176243,17.121176917016626
MSI,garch_t,1,0.8859106737419934,GARCH_T,1234,0.1,0.8,1.0,-0.0002238337178388089,0.9175367917494522,0.4611039516572758,0.2754788863305614,0.3035483360291712,0.17623402628053525,0.30928416493301303,12.120899910933034,13.718262405611567
MSI,garch_t,2,0.8859106737419934,GARCH_T,1234,0.1,0.8,1.0,0.03444899483597663,0.8610903120048871,0.4070441275344937,0.46984032119867625,0.32610893306818645,0.17228641474404524,0.309262048509094,7.214395746602632,13.686956503214393
MTB,garch_t,1,1.0803706462529588,GARCH_T,1234,0.1,0.8,1.0,-0.21508721886453558,1.107218724494769,0.3782241950616523,0.0431805371318572,0.03710419465254159,0.32877778763461657,0.312477426719958,4.5005652544018515,24.353899552731246
MTB,garch_t,2,1.0803706462529588,GARCH_T,1234,0.1,0.8,1.0,-0.05670714139645779,1.0719476295068462,0.32320100662212636,0.062097799744532854,0.025148693454770842,0.32730760736587616,0.37518942575351016,5.435257491784885,26.713168658150114
MTD,garch_t,1,1.0448236146659267,GARCH_T,1234,0.1,0.8,1.0,0.055585453648871325,1.0249878043190044,0.4392984966133805,0.7567984371807895,0.6939687231362914,0.13540723000745794,0.3157963676698962,4.11945742622353,17.96919631804165
MTD,garch_t,2,1.0448236146659267,GARCH_T,1234,0.1,0.8,1.0,0.04449685549504509,1.0173273844975808,0.3597863501111068,0.3058498487511271,0.06750857951634573,0.2969963218661853,0.30143886645338686,4.018039472404337,21.61363245025472
MU,garch_t,1,1.580364527962381,GARCH_T,1234,0.1,0.8,1.0,-0.14824555293358738,1.6086788373795102,0.38310679381336143,0.7567984371807893,0.8286004969109609,0.19197683419908546,0.25830293439970026,3.2758981741044444,50.75394655453536
MU,garch_t,2,1.580364527962381,GARCH_T,1234,0.1,0.8,1.0,-0.08913097802810031,1.529248987551805,0.3614277403217542,0.4297261921140966,0.31805624535261295,0.30463760410147295,0.27852597634368237,5.161774235753795,48.61674687350257
NCLH,garch_t,1,1.7407170901447369,GARCH_T,1234,0.1,0.8,1.0,-0.06800515847450586,1.8572232191330504,0.22356865023633643,5.9843841624659585e-9,1.1396795742910211e-10,1.6658185529120124,0.3539980137633848,11.570358953365478,115.92264419308353
NCLH,garch_t,2,1.7407170901447369,GARCH_T,1234,0.1,0.8,1.0,-0.4235575454055355,1.589411485742103,0.006522486577757891,2.2790777734805596e-14,2.1772302270563818e-32,14.062193209215858,0.6536060951072664,57.19419757686511,2910.117164727606
NDAQ,garch_t,1,0.9082796122581664,GARCH_T,1234,0.1,0.8,1.0,0.04488196774083894,0.9278079519414503,0.4593871947680074,0.03187137419851477,0.0549046385754763,0.2098607736103281,0.32351389447026196,4.81753944893956,14.079533646188672
NDAQ,garch_t,2,0.9082796122581664,GARCH_T,1234,0.1,0.8,1.0,0.15018203296467109,0.909333609668714,0.4290834821077658,0.0578292287369477,0.03694585299383001,0.22275623828947147,0.3359371590743585,5.035879578721815,14.479569991995573
NEE,garch_t,1,0.6651733761697433,GARCH_T,1234,0.1,0.8,1.0,0.04398155488785388,0.7054585998855404,0.2617674613357083,0.013025618742549662,0.0016491625609852498,0.3364448279489027,0.28132181315805127,3.896487104080669,14.284938581953696
NEE,garch_t,2,0.6651733761697433,GARCH_T,1234,0.1,0.8,1.0,0.13046394700791833,0.6418879386059078,0.23119006677384113,0.175787279262466,0.04200848968632996,0.2529820253402384,0.29156021077985594,6.822559568204566,13.39060608052368
NEM,garch_t,1,0.391628651793312,GARCH_T,1234,0.1,0.8,1.0,-0.0655907712604698,0.43191037252802833,0.0308515294857431,0.0077057942026521635,0.001662527706510996,0.6576304781751167,0.29541796343362214,6.277645343932559,45.43196729105848
NEM,garch_t,2,0.391628651793312,GARCH_T,1234,0.1,0.8,1.0,0.15946854917082248,0.42222997806604695,0.03370590940357243,0.03715119111327237,0.009882383699723503,0.5065712410280383,0.28769972122067716,3.2192330619221963,39.74139015911642
NFLX,garch_t,1,1.182364727271115,GARCH_T,1234,0.1,0.8,1.0,0.3187193304986763,1.2312091575663762,0.24716345332615808,0.025187614314172893,0.059032594739697006,0.33265542298153844,0.3515813790168968,10.967381592772929,46.081901796441606
NFLX,garch_t,2,1.182364727271115,GARCH_T,1234,0.1,0.8,1.0,0.08843088242564673,1.1796186922179885,0.2650846011322838,0.5551603867363105,0.25400397133228286,0.35802396158549876,0.37198517408202525,8.917810920495404,39.44116784444385
NI,garch_t,1,0.6565485924821491,GARCH_T,1234,0.1,0.8,1.0,-0.15391903588472045,0.6249374819499658,0.2421441355294388,0.00017026626062425604,0.00016749467353157477,0.41919623190876926,0.2888727085984688,3.410973251424685,12.118536226273353
NI,garch_t,2,0.6565485924821491,GARCH_T,1234,0.1,0.8,1.0,0.004803404055520724,0.6310241914383729,0.19979884127037761,0.0077057942026521765,0.0005788068290347208,0.4692583743345908,0.3146600316018723,4.277754073911478,14.974420595794491
NKE,garch_t,1,1.0263756188119078,GARCH_T,1234,0.1,0.8,1.0,-0.5718208044712746,1.0187611568433248,0.01658335723478077,5.745081358170852e-67,2.0815953736593083e-109,8.324170447790717,0.4979824316488284,83.92097187595127,470.24401189105
NKE,garch_t,2,1.0263756188119078,GARCH_T,1234,0.1,0.8,1.0,-0.06426016288060912,0.9671482278045315,0.11607410642671534,2.6731104910303188e-12,7.061039782615873e-24,1.9929238236019082,0.40175497448566994,12.289404728201001,60.5482654325553
NOC,garch_t,1,0.6364165939069887,GARCH_T,1234,0.1,0.8,1.0,0.1733624529216466,0.5779715071907117,0.11489172776070766,0.08196799799134305,0.007405087366182141,0.4392309867961452,0.38427478247219593,18.83953745694975,21.846158094921098
NOC,garch_t,2,0.6364165939069887,GARCH_T,1234,0.1,0.8,1.0,0.08512505544212326,0.6254326993532499,0.19472284503161308,0.02325346220890379,0.01709362600049072,0.2669291602867486,0.3167142943311752,7.0619709472399474,15.093683374785012
NOW,garch_t,1,1.3794563106477136,GARCH_T,1234,0.1,0.8,1.0,0.13526645185732866,1.3397725750635316,0.2846660494074341,0.040067061111044217,0.03509917447347506,0.41806810247324644,0.35129036871446984,7.16195412846759,47.37808114111613
NOW,garch_t,2,1.3794563106477136,GARCH_T,1234,0.1,0.8,1.0,0.10455733115262161,1.4136709881194134,0.4443967174885264,0.26113474774358547,0.21819375411971026,0.3192817406836297,0.2819836364411689,3.8648335520903716,33.78911545017998
NRG,garch_t,1,0.9825697867193656,GARCH_T,1234,0.1,0.8,1.0,0.01908096407135937,1.0357531336291932,0.17018690343041087,0.175787279262466,0.03720004359715435,0.5252197552007738,0.37775653532471254,10.46827672260859,47.36279790569589
NRG,garch_t,2,0.9825697867193656,GARCH_T,1234,0.1,0.8,1.0,-0.23288768580184888,1.0092854052570064,0.23098162787406173,0.015426939587819299,0.052569500469517264,0.3086035425746228,0.3337456956431205,4.952985046660425,33.13610998537219
NSC,garch_t,1,1.0555271976271605,GARCH_T,1234,0.1,0.8,1.0,-0.1031333642595294,1.0509226709757173,0.4190494163878007,0.23410298551988498,0.10923859763862995,0.24896858998618812,0.32341342301984866,6.355524106125618,19.802829860090753
NSC,garch_t,2,1.0555271976271605,GARCH_T,1234,0.1,0.8,1.0,-0.027781796391374153,1.046232538031108,0.3076839969254186,0.011956019270146695,0.004157574818815859,0.4625944777559352,0.355356052737028,27.704890233397517,26.730218631877875
NTAP,garch_t,1,1.1224656269894657,GARCH_T,1234,0.1,0.8,1.0,-0.15329752530683044,1.117734799379883,0.3629427549498643,0.3218819004834169,0.3683147139052559,0.20669922082078773,0.3271245501858498,4.880654483317452,25.86368413779295
NTAP,garch_t,2,1.1224656269894657,GARCH_T,1234,0.1,0.8,1.0,-0.06940298123728768,1.185568498570783,0.4067443896234634,0.7126714552657518,0.6435920459633603,0.17242470979739002,0.3429000737239715,11.059685480189236,25.964663927971024
NTRS,garch_t,1,1.1721554698928722,GARCH_T,1234,0.1,0.8,1.0,-0.1411692639257888,1.094236438921989,0.08593369604291856,4.864476953399619e-11,2.9103272469264227e-18,2.025446116292746,0.4631359077945649,239.67276252950913,104.69111593687363
NTRS,garch_t,2,1.1721554698928722,GARCH_T,1234,0.1,0.8,1.0,-0.11142854926974148,1.1966848772411134,0.35523260964311143,0.00033792697714064553,9.607511455827381e-6,0.6961605793389797,0.35782915860613534,7.887753660284394,30.289894014741783
NUE,garch_t,1,1.1765625897484768,GARCH_T,1234,0.1,0.8,1.0,0.037703045010216735,1.1980912752416244,0.3412448565112304,0.13792041520248557,0.09517779689396212,0.30507522327456743,0.2956205659630448,3.296473626415403,31.605645998535653
NUE,garch_t,2,1.1765625897484768,GARCH_T,1234,0.1,0.8,1.0,-0.08947661230685608,1.1382694320949371,0.22079703917485038,0.0004222232042636736,4.71754420743473e-6,0.8839945743955857,0.27618174648073746,10.736968219016461,44.090789493514734
NVDA,garch_t,1,1.7194973235998283,GARCH_T,1234,0.1,0.8,1.0,0.2509777130716908,1.695932648322108,0.40015541453342085,0.2903827290319628,0.26382276261829907,0.33958824954726435,0.291937372807753,7.482765980009496,54.005684926872085
NVDA,garch_t,2,1.7194973235998283,GARCH_T,1234,0.1,0.8,1.0,0.098383420754591,1.8290370681656754,0.28861078898065196,0.008425570156687547,0.0003978003466418415,0.9936573693276158,0.3467954638161856,34.43074475470244,87.09303535062503
NVR,garch_t,1,0.9563472484338897,GARCH_T,1234,0.1,0.8,1.0,0.026502679039561203,0.9497987941914644,0.319815832126658,0.016770632212380454,0.005868398187448863,0.3854653843572796,0.3021080926668262,2.7673341857836062,21.194064076650037
NVR,garch_t,2,0.9563472484338897,GARCH_T,1234,0.1,0.8,1.0,-0.06285919895132511,0.9500776581059907,0.3114781753536301,0.11409307869420345,0.09176462883663143,0.275724821777211,0.2785693164842003,6.06211039093183,21.774167694070815
NWS,garch_t,1,1.0433666295400874,GARCH_T,1234,0.1,0.8,1.0,-0.002219950105219484,1.091779466358933,0.4502836392180295,0.053815093802986096,0.41001677581373247,0.17967327635009755,0.30549303331672184,4.208161104280834,19.88999395460523
NWS,garch_t,2,1.0433666295400874,GARCH_T,1234,0.1,0.8,1.0,-0.03809053366126795,1.0520968395164025,0.38660343702558575,0.062097799744532806,0.2815562402084721,0.2033411310001893,0.28320219040536854,7.584490605085065,21.512787913426738
NWSA,garch_t,1,1.0504318689118488,GARCH_T,1234,0.1,0.8,1.0,-0.0826808446009695,1.0636650071550966,0.4432060287207389,0.9215633666950049,0.8779960141433297,0.15311065715680253,0.29505251769017277,4.5474233344172585,19.180285128199273
NWSA,garch_t,2,1.0504318689118488,GARCH_T,1234,0.1,0.8,1.0,-0.06535580990840498,1.0630087585315666,0.36604200833380063,0.9732575129604246,0.936709426568308,0.13589726123518578,0.3413281344712139,15.922796583101466,23.194965487517557
NXPI,garch_t,1,1.4406030239983398,GARCH_T,1234,0.1,0.8,1.0,0.08024976262082367,1.446220991292007,0.36483337972490126,0.05004335277576385,0.0409891220167392,0.39684356337589266,0.3237481693804276,5.579789879834488,43.0750439984245
NXPI,garch_t,2,1.4406030239983398,GARCH_T,1234,0.1,0.8,1.0,0.053480730191221376,1.4280544245429596,0.2262619088955472,0.013025618742549662,0.0012261014191476446,0.9945535608010536,0.38445564736969395,12.544054245430445,67.72188624387618
O,garch_t,1,0.7474161464042104,GARCH_T,1234,0.1,0.8,1.0,-0.09662547601053928,0.7151596510586602,0.3052041554480991,0.0013647251783582186,0.0020139893003236946,0.36923142684445787,0.256853829887977,2.1535437471982544,12.591183106528668
O,garch_t,2,0.7474161464042104,GARCH_T,1234,0.1,0.8,1.0,0.0320970480770188,0.7351161952014426,0.3112221281165459,0.003339252554079392,0.004124473652711867,0.35169036585716346,0.2480235544920597,2.4228711066315016,13.046454013674289
ODFL,garch_t,1,1.0609943278459386,GARCH_T,1234,0.1,0.8,1.0,0.23707672643782218,1.0525638163358648,0.40235423227121037,0.7349033282832014,0.3704781882321502,0.20925180288536943,0.2754036419168466,4.07426084714662,20.688989212852977
ODFL,garch_t,2,1.0609943278459386,GARCH_T,1234,0.1,0.8,1.0,0.14154062475898282,1.1028127572375814,0.3653056249024591,0.667584748786672,0.38197160568531136,0.2188620411845132,0.306794975835606,3.723371303091205,25.01486582094481
OKE,garch_t,1,1.3256152205286316,GARCH_T,1234,0.1,0.8,1.0,-0.09793969075062017,1.310646419521155,0.47292535511285083,0.010051271572415223,0.020743771625062867,0.556275185165036,0.2926318032389297,4.42788368572602,27.291629488189276
OKE,garch_t,2,1.3256152205286316,GARCH_T,1234,0.1,0.8,1.0,-0.25403666234716604,1.3219517261236826,0.28753632282930275,5.845602599464228e-7,1.5583837864017685e-7,0.8364738405399975,0.38181655583082375,9.466336266617262,45.66562989272415
OMC,garch_t,1,0.89340652757941,GARCH_T,1234,0.1,0.8,1.0,-0.1464078487231824,0.9160397329495183,0.2917339993888184,0.0008998449339082073,0.00025057446031988214,0.47045596556267594,0.3244647545087552,7.05782382050262,21.611880205129395
OMC,garch_t,2,0.89340652757941,GARCH_T,1234,0.1,0.8,1.0,-0.16315129750879012,0.8869483423400866,0.43157508437179903,0.2754788863305614,0.22332018311520588,0.21482761045453572,0.302047178312538,4.278609530805062,13.695921656752164
ORCL,garch_t,1,0.9725984727302764,GARCH_T,1234,0.1,0.8,1.0,0.0186040164466975,0.968844832877122,0.4370360986777905,0.5997055233436897,0.4041570990388267,0.19002098353943442,0.34446698338100695,13.111634205131171,16.137717868693056
ORCL,garch_t,2,0.9725984727302764,GARCH_T,1234,0.1,0.8,1.0,0.08732507106268642,0.9346543845947539,0.42266981809483406,0.13792041520248546,0.278673263128328,0.1835498707068705,0.33715571921069826,8.233847282584673,15.529298316815387
ORLY,garch_t,1,0.775273844560136,GARCH_T,1234,0.1,0.8,1.0,0.01209614576264377,0.7934411436240938,0.2930885672208774,0.3384783873513758,0.3578389642845757,0.18358720763476624,0.31885414050917554,12.001948000947849,16.1391824206114
ORLY,garch_t,2,0.775273844560136,GARCH_T,1234,0.1,0.8,1.0,-0.040937886952825846,0.8030453300086731,0.33246032546491555,0.175787279262466,0.11524700726001286,0.25777053511725,0.24896014111470222,3.3584527455786617,14.574419656826633
PAYX,garch_t,1,1.0133634040680997,GARCH_T,1234,0.1,0.8,1.0,-0.0037982141669329755,1.0167836797743928,0.5586958648703793,0.00920591936091608,0.0012417883820972754,0.3435776420603269,0.2790096547674306,4.605149433201139,13.903772437476306
PAYX,garch_t,2,1.0133634040680997,GARCH_T,1234,0.1,0.8,1.0,-0.03326145920554384,1.0206743363737893,0.5423912773731767,0.00275100242561749,0.00019421070202720292,0.3746219994804714,0.30609868207797236,7.543477069040209,14.43153968473909
PCAR,garch_t,1,0.9438510965553709,GARCH_T,1234,0.1,0.8,1.0,0.023361925584850896,0.9466028770549625,0.36434675564204677,0.46984032119867625,0.665692706051053,0.149723479555293,0.33915721356742573,12.184105100965775,18.478712475186473
PCAR,garch_t,2,0.9438510965553709,GARCH_T,1234,0.1,0.8,1.0,0.05092033581160156,0.9726558090970515,0.4196703812417779,0.3058498487511271,0.2733096036137905,0.17584191631303212,0.287595111522127,3.526505186787799,16.93795695552129
PEG,garch_t,1,0.6259016720438273,GARCH_T,1234,0.1,0.8,1.0,0.0534173275788023,0.647824768244742,0.2800652059360854,0.07655519219104727,0.013862227882773944,0.27416665170858884,0.19141889230295905,1.0451876698268192,11.259183928997212
PEG,garch_t,2,0.6259016720438273,GARCH_T,1234,0.1,0.8,1.0,-0.0400342094671689,0.6269133688382491,0.25637701961752,0.00033792697714064553,0.005452234232014978,0.2567021041950948,0.2866287158626921,2.5029125816240567,11.518261716598413
PENN,garch_t,1,1.6582775711157196,GARCH_T,1234,0.1,0.8,1.0,-0.2930497291687904,1.6534194102449131,0.4013282223676621,0.35563640912672545,0.26419103245601494,0.5993116111390451,0.27444984357713603,3.2479983575213858,51.18200989085933
PENN,garch_t,2,1.6582775711157196,GARCH_T,1234,0.1,0.8,1.0,-0.0549972518958147,1.6680040025970384,0.2566082435470315,0.006431489204009309,0.0035261950765996405,0.7745394472426471,0.3492938529310705,6.1657780907694235,81.46565381443584
PEP,garch_t,1,0.6263785230789418,GARCH_T,1234,0.1,0.8,1.0,-0.06677275450072412,0.6149129526231324,0.3642473619358104,0.08196799799134305,0.014977663338330938,0.23353338298400242,0.27390465836225947,2.946595652584546,7.79977081469302
PEP,garch_t,2,0.6263785230789418,GARCH_T,1234,0.1,0.8,1.0,0.03620680486784281,0.6087077901308847,0.3908309557329158,0.11409307869420345,0.039775304096090036,0.20849430661290444,0.26669455179599494,3.2190537812096647,7.12327546619159
PFE,garch_t,1,0.6221703351395775,GARCH_T,1234,0.1,0.8,1.0,-0.14404647122218472,0.6351726578644211,0.13773442832689797,0.062097799744532806,0.01628145642717828,0.4571111171767288,0.37291986062785526,15.529582457065011,22.008581554738903
PFE,garch_t,2,0.6221703351395775,GARCH_T,1234,0.1,0.8,1.0,0.349915492000748,0.8152464924178152,0.010511734302347975,0.0008998449339082089,5.994399492713742e-8,3.4815399931009954,0.8732434950067766,331.8889505710528,475.0665773594074
PFG,garch_t,1,1.3036917501499816,GARCH_T,1234,0.1,0.8,1.0,-0.14722417075144567,1.2707377613544353,0.556502713865862,0.15593691856369873,0.15450586716849424,0.23628430090735156,0.2899594827170814,4.831903306389189,21.801961036594545
PFG,garch_t,2,1.3036917501499816,GARCH_T,1234,0.1,0.8,1.0,0.00705236398617845,1.3090440616716592,0.6199613163136679,0.35563640912672523,0.17892453869419153,0.2816473154384124,0.30161603244927015,6.560735697114888,20.768011353499233
PG,garch_t,1,0.54747545781969,GARCH_T,1234,0.1,0.8,1.0,0.05530274310014175,0.5560049813972561,0.2823804230022193,0.07144798192849836,0.01906239081231191,0.2121681786389272,0.32316350351288164,5.284115250204483,8.225716834593161
PG,garch_t,2,0.54747545781969,GARCH_T,1234,0.1,0.8,1.0,0.15347669201573705,0.566590932518241,0.17770539252240258,0.02325346220890379,0.012412173104391548,0.2886298453330606,0.3907518851226326,104.18578744532029,13.573430000982324
PGR,garch_t,1,0.6752321857970184,GARCH_T,1234,0.1,0.8,1.0,0.22978133190340339,0.6804520171452381,0.2635051689769462,0.13792041520248546,0.12440070430023406,0.17926329930944027,0.3307662035496357,4.322869969482538,13.202520401984888
PGR,garch_t,2,0.6752321857970184,GARCH_T,1234,0.1,0.8,1.0,0.07922447192187873,0.6399915013576238,0.14994105724657225,0.2903827290319627,0.06559099271890644,0.33808568970629826,0.3782051805178391,39.35317082123205,20.524794591005413
PH,garch_t,1,1.2995683492312287,GARCH_T,1234,0.1,0.8,1.0,0.05016924537675391,1.3311924861527322,0.4723140245520935,0.03715119111327242,0.011329621639028802,0.40064994925628145,0.3560625168529635,10.895789892470876,28.190439597453718
PH,garch_t,2,1.2995683492312287,GARCH_T,1234,0.1,0.8,1.0,-0.060965320622691124,1.28358383434913,0.5088891484878956,0.008425570156687563,0.0031357301013625045,0.4013885834921315,0.32112382994886635,4.769831154278045,24.32631141558057
PHM,garch_t,1,1.1962274024487127,GARCH_T,1234,0.1,0.8,1.0,0.02082561685868399,1.1743786260384639,0.34000941578121435,0.2341029855198848,0.07727157818123802,0.3095544330557045,0.26517533028157825,7.495667739823343,30.47728717277272
PHM,garch_t,2,1.1962274024487127,GARCH_T,1234,0.1,0.8,1.0,-0.02701268509629251,1.2285188987715638,0.43912062633285487,0.32188190048341714,0.36135615207854094,0.2565097750127226,0.27625196308320454,3.5758024722890847,25.824434536394033
PKG,garch_t,1,0.9122439395430584,GARCH_T,1234,0.1,0.8,1.0,-0.004403696794820708,0.9551194998210542,0.33941299366676836,0.469840321198676,0.2891834761122831,0.1908310844342252,0.3290289357295731,19.870174089827177,20.194724539043786
PKG,garch_t,2,0.9122439395430584,GARCH_T,1234,0.1,0.8,1.0,-0.05990077497087959,0.9219707104496245,0.32990292379853736,0.19757624487656467,0.222130513819132,0.1867872850568152,0.31280563569426023,9.371406454396771,19.359719417785342
PLD,garch_t,1,0.970394983172401,GARCH_T,1234,0.1,0.8,1.0,0.023484216752641326,0.9699575853904936,0.3835472092299983,0.01677063221238044,0.0021239124584822864,0.3874257626544773,0.2546889365704865,3.772677922479313,18.430521960203958
PLD,garch_t,2,0.970394983172401,GARCH_T,1234,0.1,0.8,1.0,-0.03384386469374488,0.9579732150522908,0.4360517159098106,0.010966317634760463,0.027279443183621865,0.26243962655100833,0.29004131734772115,4.545322315526543,15.813197945368588
PM,garch_t,1,0.6615564754784986,GARCH_T,1234,0.1,0.8,1.0,-0.08810788973733875,0.6358598355383551,0.15529229397961108,0.0077057942026521635,0.00018806661691622427,0.49839957443989347,0.3760801049949947,16.613000428746997,19.562477518854774
PM,garch_t,2,0.6615564754784986,GARCH_T,1234,0.1,0.8,1.0,-0.054933315587567685,0.6871744741935717,0.3233397795710514,0.37335039326490416,0.36083915234965286,0.17524354920465157,0.2901045478156395,4.084736862620063,10.973012505322577
PNC,garch_t,1,1.1464508654456163,GARCH_T,1234,0.1,0.8,1.0,-0.7314398398274493,0.997794978906968,0.007021849014533177,3.3119750971097984e-37,2.7262089354803785e-74,12.022192870656859,0.5181644819182512,27.882377800278697,1065.3249928634812
PNC,garch_t,2,1.1464508654456163,GARCH_T,1234,0.1,0.8,1.0,-0.10684915542691512,1.116383552319414,0.20627735387434765,5.0310846095573126e-8,4.4897138167972825e-15,1.4507966440645552,0.33213352711742916,14.317827173358378,45.396908804448245
PNR,garch_t,1,1.1408769669089924,GARCH_T,1234,0.1,0.8,1.0,-0.2449177538627057,1.1008985875484618,0.3881949532654829,0.062097799744532854,0.12021446850932462,0.2685418411458008,0.33862123695080426,11.870756289547224,23.458255839104083
PNR,garch_t,2,1.1408769669089924,GARCH_T,1234,0.1,0.8,1.0,-0.11420573030387002,1.1720446227530785,0.4745786223613202,0.0876998397071932,0.3126217676403635,0.2067013646785551,0.334103902718418,9.11885150895077,21.74858952084975
PNW,garch_t,1,0.6061212101544221,GARCH_T,1234,0.1,0.8,1.0,0.012991776079454793,0.5857826030028994,0.1902679954544758,0.0036750002936039483,2.6286419920360882e-5,0.43513756526864195,0.25738103771403664,1.9570654278831299,13.550588931194113
PNW,garch_t,2,0.6061212101544221,GARCH_T,1234,0.1,0.8,1.0,-0.006800203302241722,0.594246993404363,0.23241298160760016,0.0431805371318572,0.014969679233614294,0.2816075305230659,0.23999377001874128,1.8032479504015573,11.41627911840833
POOL,garch_t,1,0.9629395710595134,GARCH_T,1234,0.1,0.8,1.0,0.11245958322819274,0.9656212004769149,0.3445045550259549,0.8752347874245363,0.7130597142918293,0.15847498403727156,0.3160025799388799,6.373043513262374,20.336189981711208
POOL,garch_t,2,0.9629395710595134,GARCH_T,1234,0.1,0.8,1.0,0.06986544179940174,0.9606020671242621,0.2626149136937005,0.06663316470800926,0.010351520976158437,0.38917232416513636,0.34502247784737106,10.942391334140838,26.400893335167193
PPG,garch_t,1,1.0156268655893583,GARCH_T,1234,0.1,0.8,1.0,-0.07380102038218578,1.0498764094678499,0.4652321123184131,0.2754788863305614,0.25321606529831214,0.26462192931497297,0.3239336073001012,10.539123688562146,17.801542895035542
PPG,garch_t,2,1.0156268655893583,GARCH_T,1234,0.1,0.8,1.0,-0.0137678670686643,1.003803323022397,0.36903240682325966,0.1295656630122877,0.04271384751436786,0.3864096939766657,0.36041640318698065,9.49013312356667,20.515576568181356
PPL,garch_t,1,0.6808438921770288,GARCH_T,1234,0.1,0.8,1.0,-0.13906125750244824,0.6935250781310778,0.30321619760899765,0.00275100242561749,0.0012895432964380134,0.3377925086615912,0.27763800094970154,2.8202294105579204,11.918536121471359
PPL,garch_t,2,0.6808438921770288,GARCH_T,1234,0.1,0.8,1.0,-0.1372042871618419,0.6875272666780147,0.2726017691158772,2.7380049939586455e-5,5.527639727111085e-5,0.3864078233296294,0.306282546510018,4.676620200611928,13.028732204087563
PRU,garch_t,1,1.334930627490533,GARCH_T,1234,0.1,0.8,1.0,-0.060800593472215406,1.3137913183662064,0.5725737508071339,0.03442261297181624,0.013954307011871494,0.35785200710924936,0.29186737846298033,4.651247652189849,22.65021431135647
PRU,garch_t,2,1.334930627490533,GARCH_T,1234,0.1,0.8,1.0,-0.28215181542728285,1.3325287819860911,0.4418570635691865,0.0003778674580763136,5.211583436905757e-5,0.6430628797891091,0.2907074258375552,4.866046699879765,30.194119469112298
PSA,garch_t,1,0.5931831762583838,GARCH_T,1234,0.1,0.8,1.0,0.018467823683026102,0.6037011855430676,0.17439938311464875,0.03442261297181624,0.00429511417418733,0.34800948353392275,0.29305864038301116,5.358880270782512,15.701823362636775
PSA,garch_t,2,0.5931831762583838,GARCH_T,1234,0.1,0.8,1.0,0.0649848144847402,0.6148116652367807,0.2065995060862864,0.5997055233436901,0.5272297801866068,0.16677258051042645,0.34114077371230894,7.54886167263466,13.746935457886345
PTC,garch_t,1,1.125840162301506,GARCH_T,1234,0.1,0.8,1.0,0.05683261532469239,1.129779705565947,0.34690116446531416,0.5773186341936012,0.35770908744083746,0.23833409861949045,0.35018146780539205,12.199057154057256,27.64602873556414
PTC,garch_t,2,1.125840162301506,GARCH_T,1234,0.1,0.8,1.0,0.12252480633335754,1.1232761318717375,0.36286389118495943,0.9073133476228827,0.9494332126789702,0.135308689819743,0.331216217237584,33.88219515191476,26.12644276748771
PVH,garch_t,1,1.4710349345715157,GARCH_T,1234,0.1,0.8,1.0,-0.30572046261087354,1.5029995114446855,0.1967847140607376,0.002045965735886352,6.806260823367112e-5,1.0288890350827145,0.44391253329980224,45.54346441084788,86.25361246636967
PVH,garch_t,2,1.4710349345715157,GARCH_T,1234,0.1,0.8,1.0,-0.11769740518871787,1.4426008620802626,0.2531501122589793,0.0001515004089380906,4.2757364437691414e-5,0.853104965947265,0.36239745362230286,9.389668971251712,61.76823971546863
PWR,garch_t,1,1.1270877090542157,GARCH_T,1234,0.1,0.8,1.0,0.10783838860843545,1.1331779128033328,0.3902016836660024,0.5117470272646123,0.483748260196141,0.21172543204331082,0.31554419251384525,8.027747346973822,24.726237552382607
PWR,garch_t,2,1.1270877090542157,GARCH_T,1234,0.1,0.8,1.0,0.15150488163496545,1.1351533846597979,0.4078052952547162,0.3058498487511271,0.267228737435862,0.2320386937839936,0.3147703849838576,6.526216269650659,23.741448402344325
QCOM,garch_t,1,1.2913928180430887,GARCH_T,1234,0.1,0.8,1.0,-0.11517331200811984,1.3086289648788156,0.4319208482136926,0.41040886465000037,0.35807797578428163,0.24191369507445706,0.3745684542003086,7.873634595794632,29.790642126646635
QCOM,garch_t,2,1.2913928180430887,GARCH_T,1234,0.1,0.8,1.0,-0.40123471596255905,1.2107791781197492,0.025467394268476107,5.271091438974892e-10,1.8045900386587896e-20,4.663857485981963,0.5324515383797466,168.58457878055654,432.5101961508944
QQQ,garch_t,1,1.1439971585770907,GARCH_T,1234,0.1,0.8,1.0,0.03786964161604178,1.157428324079424,0.8673526630591474,0.3384783873513757,0.4626049647135827,0.12274171491339758,0.3501798855584664,10.575129670405069,11.604955253337174
QQQ,garch_t,2,1.1439971585770907,GARCH_T,1234,0.1,0.8,1.0,0.0503980915434641,1.1467892323210798,0.8668472463407408,0.175787279262466,0.364588871823614,0.1275715468259128,0.336819343852567,9.935119079663384,11.399232549649616
RCL,garch_t,1,1.634260235828484,GARCH_T,1234,0.1,0.8,1.0,-0.09957563322812611,1.6506727120158098,0.42679663540316026,0.08196799799134305,0.04317138152023792,0.6017083878745044,0.33815442723943817,8.138999919312129,47.968035331256786
RCL,garch_t,2,1.634260235828484,GARCH_T,1234,0.1,0.8,1.0,-0.13814676680806737,1.632407173821027,0.23269358977213672,6.463776704362108e-6,1.3864137543119607e-9,1.4318820405455917,0.36484581162680685,6.106269036982592,86.04458499020056
REG,garch_t,1,0.905980830087807,GARCH_T,1234,0.1,0.8,1.0,-0.05864945800743939,0.9172606605196816,0.42197667908004066,0.07655519219104727,0.028558523006804015,0.3412304219248689,0.26318064169147826,3.0770561181958866,14.981250306257753
REG,garch_t,2,0.905980830087807,GARCH_T,1234,0.1,0.8,1.0,0.0348690125879505,0.8730841394515884,0.3456850035762782,0.008425570156687547,0.001151665855251094,0.44567270025629585,0.242150471486008,1.9876952067100584,16.568478656055497
RF,garch_t,1,1.3220039219254565,GARCH_T,1234,0.1,0.8,1.0,0.015596184777239896,1.2764872920836043,0.3813742860818051,0.1467062114948388,0.03384731705898942,0.3652465346432505,0.33517429408572463,4.146664728780221,32.10203456050064
RF,garch_t,2,1.3220039219254565,GARCH_T,1234,0.1,0.8,1.0,-0.2235796776789718,1.2794469758125893,0.39927318436370396,0.05782922873694778,0.021685871104131598,0.3773542789913124,0.30686556699200107,3.951729931512162,30.80529805820575
RHI,garch_t,1,1.069408760873941,GARCH_T,1234,0.1,0.8,1.0,-0.1434425329370184,1.0426756801302703,0.393748438716672,0.4297261921140966,0.4541109158827293,0.19690950050923914,0.316320607242612,5.5508260381860755,20.74582058197456
RHI,garch_t,2,1.069408760873941,GARCH_T,1234,0.1,0.8,1.0,-0.08693574443692365,1.1141247297717753,0.4705697473700765,0.5997055233436901,0.522770495158991,0.19880668958495057,0.3182834973326885,4.3054473883469715,19.819586962615265
RJF,garch_t,1,1.230558309854805,GARCH_T,1234,0.1,0.8,1.0,-0.06442488816277672,1.1928088166555444,0.5057684500066064,0.2214004944504064,0.341808949246854,0.20645637024698715,0.3069929106446854,4.91443310569079,21.136881913145668
RJF,garch_t,2,1.230558309854805,GARCH_T,1234,0.1,0.8,1.0,-0.0678783584838436,1.2129049814386916,0.5871962695212187,0.6902009153490102,0.4462667003867122,0.2370896508476498,0.27498010641439724,4.745485711025308,18.824404484075203
RL,garch_t,1,1.1303259253867097,GARCH_T,1234,0.1,0.8,1.0,0.06589703764016401,1.1750243021843862,0.23458472653216,0.053815093802986165,0.034793400433614695,0.4304566957843994,0.36019639660690167,25.845418976633173,44.22266793344057
RL,garch_t,2,1.1303259253867097,GARCH_T,1234,0.1,0.8,1.0,-0.19581858575714933,1.1546991939996327,0.3276378761525425,0.41040886465000037,0.45099712712929924,0.25158201445344536,0.30899962239949,4.598202624357444,30.57698060227095
RMD,garch_t,1,0.9119697659732925,GARCH_T,1234,0.1,0.8,1.0,-0.029402522456872797,0.8588493800310602,0.265988064992964,0.0018509986562434222,0.008571162525668304,0.35729303811924107,0.3223133678288382,13.760509593927853,20.836407257884925
RMD,garch_t,2,0.9119697659732925,GARCH_T,1234,0.1,0.8,1.0,0.024378102941863072,0.9444672651947497,0.22490323288404712,0.15593691856369873,0.09308675509346506,0.2898709144404047,0.41064949530510625,111.60915533055068,29.80088052281664
ROK,garch_t,1,1.1606527473783874,GARCH_T,1234,0.1,0.8,1.0,0.06327540404532268,1.1366052670137237,0.47034359807698944,0.2754788863305614,0.3749727165456537,0.18908130523383984,0.29859845675088725,5.599172044081795,20.63740398581685
ROK,garch_t,2,1.1606527473783874,GARCH_T,1234,0.1,0.8,1.0,-0.016086599639897114,1.1504390108227167,0.4624755358266096,0.8194258416202167,0.7159091989150674,0.16115397184909416,0.2976235464108275,7.583951480856706,21.50252247152461
ROL,garch_t,1,0.710411036972165,GARCH_T,1234,0.1,0.8,1.0,0.0660127555664221,0.7172083909523239,0.3444119972291483,0.15593691856369873,0.1439450147421029,0.2295254633823924,0.3861935133915679,4.837520550084018,11.221823328242742
ROL,garch_t,2,0.710411036972165,GARCH_T,1234,0.1,0.8,1.0,0.04440336794155228,0.7390732874080901,0.29380535779269845,0.5117470272646123,0.7181433637996318,0.1264898116875494,0.3621443794755245,15.745563616764517,13.96903078922027
ROP,garch_t,1,0.9341967322905664,GARCH_T,1234,0.1,0.8,1.0,-0.007806444338794918,0.9231936420246624,0.5428752629752582,0.5997055233436901,0.5674264643227542,0.12316968012803943,0.3308988840518115,6.789116911037221,11.796048008788945
ROP,garch_t,2,0.9341967322905664,GARCH_T,1234,0.1,0.8,1.0,0.04381143278530816,0.9353267397404048,0.6353338058377989,0.7782544694527632,0.6809519676744599,0.14628418781203503,0.34070596903958317,7.70614440846208,10.346077105241761
ROST,garch_t,1,1.042794909030233,GARCH_T,1234,0.1,0.8,1.0,0.004202983028674903,1.057399406273976,0.37126573196398616,0.00275100242561749,0.004016405605163874,0.3859512405239659,0.3319014985762132,6.338896931604912,22.627899095159137
ROST,garch_t,2,1.042794909030233,GARCH_T,1234,0.1,0.8,1.0,-0.035017234755512744,1.0500486339506176,0.35790109595753905,0.053815093802986165,0.011702682997722182,0.3689240585747313,0.33777110238902575,10.898015930689528,23.147642945674423
RSG,garch_t,1,0.6623694004238693,GARCH_T,1234,0.1,0.8,1.0,0.07122404597411051,0.6779204221994841,0.2347819622809837,0.0016734002409653419,3.770382617255639e-5,0.4325586222060072,0.4235434351872622,117.25626674392639,14.707663351967861
RSG,garch_t,2,0.6623694004238693,GARCH_T,1234,0.1,0.8,1.0,0.1324210321969364,0.6823234624419047,0.42302725595842827,0.0578292287369477,0.017860976188680877,0.21474583920910895,0.293256162745825,4.272561688037588,8.269195025602283
SBAC,garch_t,1,0.7823495700776336,GARCH_T,1234,0.1,0.8,1.0,-0.016046722650585807,0.7924679076796896,0.26335331967397446,0.23410298551988498,0.3208208687570582,0.16156268781923547,0.2875326844696621,3.308847847015355,17.917422917908823
SBAC,garch_t,2,0.7823495700776336,GARCH_T,1234,0.1,0.8,1.0,-0.10486852397832663,0.7741216882381468,0.22292928196840556,0.02948788540358457,0.012035721294078611,0.30535736152552057,0.29833469968208326,3.635689559445898,20.197719073064096
SBUX,garch_t,1,0.9970333644991939,GARCH_T,1234,0.1,0.8,1.0,0.0014422579989056133,0.9597688197050159,0.4404720294113129,0.02948788540358457,0.0686218558262154,0.26813294144077526,0.29020297281135,4.792359393213917,15.71324610763681
SBUX,garch_t,2,0.9970333644991939,GARCH_T,1234,0.1,0.8,1.0,-0.055804378641048875,1.0064351866904095,0.1333275714288199,0.013025618742549662,0.0023163669069700744,0.5983187861548155,0.46275168329876365,528.1311877019446,57.08245330224652
SCHW,garch_t,1,1.196065964905543,GARCH_T,1234,0.1,0.8,1.0,-0.1333764245083495,1.1602848842214273,0.3770253924767577,0.35563640912672545,0.34581116202107554,0.20624582084346604,0.32275106469212017,4.370394527431197,26.829318590258133
SCHW,garch_t,2,1.196065964905543,GARCH_T,1234,0.1,0.8,1.0,-0.014279994553765538,1.1730366631963867,0.3821694233742794,0.5117470272646123,0.4876790250537045,0.19300301595330704,0.30151532671523235,4.142829327877496,27.0531729985752
SEE,garch_t,1,0.9241222071320265,GARCH_T,1234,0.1,0.8,1.0,-0.08233394636234947,0.9115001061891175,0.19318807059769905,0.20922832556926946,0.11931480782132566,0.3316425113232173,0.41380521063131054,29.108564327959684,32.313508615965084
SEE,garch_t,2,0.9241222071320265,GARCH_T,1234,0.1,0.8,1.0,-0.056789947797434855,0.9055292446153717,0.2941460621148211,0.5997055233436901,0.9058960597137291,0.15026157005084,0.32856226201801103,9.250688996675692,20.945604420004322
SHW,garch_t,1,0.9256334870454707,GARCH_T,1234,0.1,0.8,1.0,0.056555027436743496,0.920549654568703,0.39541893594205313,0.6902009153490102,0.6238686353695819,0.13645022842378599,0.3089092030732802,10.443938373773031,16.102301350173654
SHW,garch_t,2,0.9256334870454707,GARCH_T,1234,0.1,0.8,1.0,0.05198241848267092,0.9541377567524337,0.41501626082413723,0.9462030999890614,0.9215424237566012,0.10522759756969892,0.37317632151319924,31.795013646180706,16.4819284716857
SJM,garch_t,1,0.3699363922048694,GARCH_T,1234,0.1,0.8,1.0,-0.026304269509131575,0.36771811740146687,0.08855540373013049,0.23410298551988498,0.23311581166564274,0.1664523832134037,0.3146837488407293,5.4847906195570335,11.472708604477967
SJM,garch_t,2,0.3699363922048694,GARCH_T,1234,0.1,0.8,1.0,-0.08285434160511225,0.3313834926109145,0.07487827442370798,0.19757624487656467,0.1755489837364674,0.17853391548638875,0.28862059814192315,3.8316789321134808,11.01937312018944
SLB,garch_t,1,1.1452602594812624,GARCH_T,1234,0.1,0.8,1.0,-0.12398146870598506,1.1829323531180886,0.2688026005265941,0.00920591936091608,0.01774998544569634,0.414062931637909,0.319631650349962,4.944630461151646,39.11445903723462
SLB,garch_t,2,1.1452602594812624,GARCH_T,1234,0.1,0.8,1.0,-0.2113474594125314,1.1705914972306501,0.2703698623091786,0.11409307869420345,0.06523926794541876,0.3646980159417916,0.2806428845887896,4.476598931733967,38.08056865247053
SLV,garch_t,1,0.31860546923234967,GARCH_T,1234,0.1,0.8,1.0,0.020971744258536165,0.320947124625019,0.020624588647578435,0.050043352775763786,0.0011652810392190594,0.7510132875994852,0.46659052640920073,33.83192825400493,37.52603310761316
SLV,garch_t,2,0.31860546923234967,GARCH_T,1234,0.1,0.8,1.0,-0.07483049947319735,0.3490099034812261,0.028304836083311247,1.858946392472179e-6,2.3906567870801724e-9,0.9925613039597452,0.3600283552546756,6.73990812812808,32.334476314297085
SNA,garch_t,1,0.9699172912917744,GARCH_T,1234,0.1,0.8,1.0,-0.010540056393666994,0.9795945437284136,0.3976331784767142,0.6902009153490102,0.5407632714665634,0.15032465847582724,0.36325774746003825,8.305916526377287,18.132641476662968
SNA,garch_t,2,0.9699172912917744,GARCH_T,1234,0.1,0.8,1.0,-0.017450978369985715,0.9594975276363283,0.49294303404271256,0.8918463631300468,0.7807121655741662,0.1741655952205899,0.3359441427655012,5.281774019408314,14.032723263131663
SO,garch_t,1,0.5562177335954269,GARCH_T,1234,0.1,0.8,1.0,0.013196748560839099,0.5606642128918299,0.20494528922946498,0.0006534498809304826,5.737110952844377e-6,0.47077872339113264,0.256378414268867,1.5603651953327056,11.52441014835539
SO,garch_t,2,0.5562177335954269,GARCH_T,1234,0.1,0.8,1.0,0.004869153609663633,0.5292368897646044,0.20602996192372192,0.02726292028609383,0.0019801017402636466,0.34600475357480165,0.24717770660970562,2.0826172623160284,10.214586938851259
SPG,garch_t,1,1.1140722840791535,GARCH_T,1234,0.1,0.8,1.0,-0.10462454367818536,1.1162923260720177,0.4419994331029715,0.011956019270146695,0.004929336413424667,0.5023327003993889,0.2799076936507472,3.5054875453914027,21.18288656266019
SPG,garch_t,2,1.1140722840791535,GARCH_T,1234,0.1,0.8,1.0,-0.0485556469048085,1.135349686226434,0.4268667284949158,0.0006534498809304803,0.0004644857899608915,0.5692406823655078,0.30453184899930597,5.0053837314822776,22.689135947465314
SPYG,garch_t,1,1.081929238840682,GARCH_T,1234,0.1,0.8,1.0,0.011517482077398,1.0972459523490004,0.9022946537650568,0.03442261297181621,0.04519591029747898,0.15616747533223485,0.32904734089266163,10.688613823417672,10.025604432548198
SPYG,garch_t,2,1.081929238840682,GARCH_T,1234,0.1,0.8,1.0,0.01226476904257863,1.0772003805304449,0.9419859023513447,0.1467062114948388,0.36981828742451434,0.09280277510061691,0.3542058603521153,12.06457852123608,9.255493230683404
SRE,garch_t,1,0.6998648323085714,GARCH_T,1234,0.1,0.8,1.0,0.12002496906834573,0.673446912730844,0.28580735760466824,0.02145231434094703,0.006165702407080243,0.3325402061770425,0.2584956365779446,1.9326607708003625,11.92296591360598
SRE,garch_t,2,0.6998648323085714,GARCH_T,1234,0.1,0.8,1.0,-0.03943262947942483,0.7328160650869587,0.3178307832456648,0.1467062114948388,0.040673247742010706,0.23316313375923864,0.30198620904184365,5.852437447952276,12.695358794991948
STE,garch_t,1,0.8729058745141587,GARCH_T,1234,0.1,0.8,1.0,-0.02639327713814163,0.8749810462719292,0.47221285985513084,0.449544516932352,0.14062713508169536,0.24632138338081327,0.29008759181771604,4.295431671416257,12.181771678293858
STE,garch_t,2,0.8729058745141587,GARCH_T,1234,0.1,0.8,1.0,-0.03402025581954274,0.8666489256725145,0.32452827419005215,0.09376436847831691,0.04202324981072845,0.2511276643790494,0.32686713673739726,9.408625045820108,17.38940971840651
STT,garch_t,1,1.2743290732221155,GARCH_T,1234,0.1,0.8,1.0,-0.07537794519389121,1.252686760137453,0.4660475919199599,0.6222589308962223,0.58542461901175,0.17559950941808314,0.34819099840437745,8.354234039089572,25.299135480583544
STT,garch_t,2,1.2743290732221155,GARCH_T,1234,0.1,0.8,1.0,-0.09628658936861491,1.2856890643432162,0.36528534723052564,0.062097799744532854,0.004881152396375952,0.5056861571315364,0.3358025037391012,16.618094871274963,34.000916425885954
STX,garch_t,1,1.1642781475924786,GARCH_T,1234,0.1,0.8,1.0,-0.1063016189090103,1.173524996223168,0.27500276062405393,0.05782922873694778,0.095627906666734,0.2938579178364969,0.3183110460851555,8.461961905004683,37.626914800282826
STX,garch_t,2,1.1642781475924786,GARCH_T,1234,0.1,0.8,1.0,0.05210030076714202,1.1647642345228664,0.22895698088051453,0.5773186341936012,0.4883917108834196,0.3125642073742319,0.355588774107907,33.1900364721202,44.52184343286794
STZ,garch_t,1,0.7691673979889897,GARCH_T,1234,0.1,0.8,1.0,0.09552767570396464,0.7946557488324872,0.30540549464535005,0.26113474774358525,0.15138438212027552,0.23087844699400462,0.3202091852892821,8.324771738144836,15.535748687308349
STZ,garch_t,2,0.7691673979889897,GARCH_T,1234,0.1,0.8,1.0,-0.03872709179900324,0.8056976080256547,0.30335171056957866,0.10694695769331257,0.09355346058924305,0.24365712341056217,0.29267590442999764,40.1391420202847,16.07861642895763
SWKS,garch_t,1,1.4872937757897977,GARCH_T,1234,0.1,0.8,1.0,-0.17470956261850587,1.470852267659403,0.45340100342733136,0.175787279262466,0.2964289893815832,0.24290872328241322,0.2851321019199744,3.381488175112735,35.85144018039658
SWKS,garch_t,2,1.4872937757897977,GARCH_T,1234,0.1,0.8,1.0,-0.038776334313505884,1.5095248634442122,0.46680200412328954,0.9345394905034377,0.9234537331603819,0.15106441832863837,0.25804980378593406,4.402928810788371,36.677422146076864
SYK,garch_t,1,0.9997350972238983,GARCH_T,1234,0.1,0.8,1.0,0.017235162887928576,1.0102164446666202,0.5159718684182586,0.062097799744532854,0.04613092296793083,0.24824777994745797,0.30196206131222864,4.724753382547398,14.861197924559736
SYK,garch_t,2,0.9997350972238983,GARCH_T,1234,0.1,0.8,1.0,0.047381774906730276,1.0041933529408533,0.44617361537100453,0.016770632212380454,0.0035019351555679178,0.31900047568375944,0.3550102585189422,6.075154660164589,16.981723859767442
SYY,garch_t,1,0.9217147711538897,GARCH_T,1234,0.1,0.8,1.0,0.03267433322471426,0.9213584346550967,0.4326831964914022,3.5264883724016755e-5,4.497695116057315e-5,0.5173735789778008,0.2920198531152375,4.47662542997766,14.741381204390613
SYY,garch_t,2,0.9217147711538897,GARCH_T,1234,0.1,0.8,1.0,-0.06415450211200344,0.931984350958038,0.24882743437903687,9.427887637799208e-5,2.1891862405951848e-7,0.6149205343480805,0.37715182229466815,63.972173975823324,26.228288559925417
T,garch_t,1,0.6289704173786609,GARCH_T,1234,0.1,0.8,1.0,-0.20330943174772165,0.6373889188602103,0.21373756189155613,0.02145231434094707,0.017240404079123684,0.2411067049933673,0.3577018561877896,11.895908565682637,14.281674845831661
T,garch_t,2,0.6289704173786609,GARCH_T,1234,0.1,0.8,1.0,-0.13812239378323946,0.63556273358607,0.24666202620161182,0.4297261921140966,0.5616872626411178,0.12326280241608212,0.3491695652550311,7.279477113279748,12.30454413409597
TAP,garch_t,1,0.7191357186257168,GARCH_T,1234,0.1,0.8,1.0,-0.09497318484500442,0.7458644558877507,0.12528452191030215,0.4297261921140966,0.23395781871586827,0.33727112973532464,0.42999881614346147,67.18848333843829,33.36363621419708
TAP,garch_t,2,0.7191357186257168,GARCH_T,1234,0.1,0.8,1.0,-0.08044570742400209,0.70160651319641,0.19808045315575462,0.062097799744532854,0.33208178676227956,0.15538170888733693,0.35695660742671875,6.928396516662895,18.672246740807193
TDG,garch_t,1,1.159398707450559,GARCH_T,1234,0.1,0.8,1.0,0.038963496134166775,1.1649880396728172,0.49043180694095734,0.175787279262466,0.1278226378420315,0.37659208357433654,0.27377010732956847,4.044389227484311,20.79291026368121
TDG,garch_t,2,1.159398707450559,GARCH_T,1234,0.1,0.8,1.0,-0.08401312745460901,1.142790190630852,0.4460947670668203,0.000999673300936702,0.004716377645603521,0.41319449594643864,0.3124530513151256,5.336577065298789,21.99666564262932
TDY,garch_t,1,1.0335271220341413,GARCH_T,1234,0.1,0.8,1.0,0.1272113418375038,1.0395169578083776,0.5039286499648266,0.18643316604659413,0.3115637063050364,0.16405448753565433,0.31165020071092336,7.027351315613107,16.11183780355941
TDY,garch_t,2,1.0335271220341413,GARCH_T,1234,0.1,0.8,1.0,-0.018754583866862268,1.0309814344239603,0.49763782930952816,0.5332866099999254,0.52716597789266,0.17056715281887666,0.31111203199636767,4.255359990152714,16.04867849450456
TECH,garch_t,1,1.0165535371641068,GARCH_T,1234,0.1,0.8,1.0,-0.14860674190334355,1.084833173660373,0.3083369171903977,0.02325346220890381,0.012996324182801,0.6497761653219456,0.36710655642688994,6.7635871676399315,28.678165253863835
TECH,garch_t,2,1.0165535371641068,GARCH_T,1234,0.1,0.8,1.0,0.0454777095922103,1.0461240735369297,0.32238884872880436,0.1295656630122878,0.17222491933690146,0.46111200768053695,0.3337600099489099,6.4043461888447,25.50570636635377
TEL,garch_t,1,1.1493028653199509,GARCH_T,1234,0.1,0.8,1.0,-0.04128853095884791,1.1946864681435627,0.5993067354912873,0.5997055233436901,0.6861688072864786,0.11448910244403687,0.3386721042615024,12.095232546345809,17.894093610284273
TEL,garch_t,2,1.1493028653199509,GARCH_T,1234,0.1,0.8,1.0,-0.07163256023803699,1.1067104844072706,0.4845668154183237,0.4297261921140966,0.22556607524389358,0.2047693028906764,0.32620060291554387,6.178011608715348,18.991766142388133
TFX,garch_t,1,0.9143889178470281,GARCH_T,1234,0.1,0.8,1.0,-0.1788076567781562,0.9851343356238564,0.22945754801769158,0.010966317634760444,0.0004122221458134271,0.6484116561924563,0.3412700688688324,23.905210436497278,31.778949603892556
TFX,garch_t,2,0.9143889178470281,GARCH_T,1234,0.1,0.8,1.0,0.02550458790819876,0.8712462714754592,0.21329431390001763,0.062097799744532806,0.005046973709967042,0.47787084779940425,0.34475455672315247,9.581865273321698,26.739517200832164
TGT,garch_t,1,0.8080669433536304,GARCH_T,1234,0.1,0.8,1.0,0.009291688022166178,0.7614304848420818,0.20702935245566412,0.5332866099999254,0.6563058777849976,0.19111848051636077,0.38183253243741133,14.347452237258704,21.041639292756916
TGT,garch_t,2,0.8080669433536304,GARCH_T,1234,0.1,0.8,1.0,-0.10780950107458166,0.7974400329619664,0.1942186814535718,0.5773186341936011,0.743303825626515,0.15883021512639622,0.42408489128634436,22.58393386079629,24.60118583240645
TJX,garch_t,1,0.9395329148842702,GARCH_T,1234,0.1,0.8,1.0,0.10075140819875673,0.9390796193154155,0.40137670337951303,0.02948788540358457,0.025366439149945633,0.27395980529805003,0.33732014863248216,3.777591072018917,16.508349060919073
TJX,garch_t,2,0.9395329148842702,GARCH_T,1234,0.1,0.8,1.0,0.06874207539167106,0.9136851763876181,0.3927316651573287,0.1295656630122877,0.059838224941142146,0.25600660286605936,0.2760653069691536,3.658831910128323,15.971592220079954
TMO,garch_t,1,0.8946076427470918,GARCH_T,1234,0.1,0.8,1.0,0.053553821703066065,0.884829266081906,0.36916119096888156,0.5773186341936012,0.7452445929049905,0.12746473295152583,0.3370953046970519,7.080724833259277,15.935066982259173
TMO,garch_t,2,0.8946076427470918,GARCH_T,1234,0.1,0.8,1.0,0.0356693823094659,0.9277204818276378,0.47672375596639516,0.7991659946854217,0.3147106387422957,0.19759856120834884,0.31994984953236455,6.992377379548223,13.564958520166327
TMUS,garch_t,1,0.7920050294285176,GARCH_T,1234,0.1,0.8,1.0,-0.04509611022071712,0.7671311093515878,0.234566494573071,0.20922832556926946,0.2318074279844742,0.17457523505173403,0.3545730406713863,11.97259868932051,18.850556972743625
TMUS,garch_t,2,0.7920050294285176,GARCH_T,1234,0.1,0.8,1.0,-0.04484817440566581,0.8378594365651105,0.22357678787066615,0.35563640912672523,0.1392547874062805,0.30455425142217946,0.4182222156991826,11.25068628478563,23.592099587515776
TRMB,garch_t,1,1.247142653451806,GARCH_T,1234,0.1,0.8,1.0,-0.0708089905051465,1.2425085389262136,0.46390557586350323,0.44954451693235176,0.551425012456346,0.2190207267459649,0.30995442544076146,5.644422945568001,25.004613500706466
TRMB,garch_t,2,1.247142653451806,GARCH_T,1234,0.1,0.8,1.0,0.009845714273653272,1.259682458558091,0.4495032050494322,0.3218819004834169,0.36344812800161885,0.24574423302354192,0.30884080842127887,9.663732711593218,26.52408098147412
TROW,garch_t,1,1.2695830042912515,GARCH_T,1234,0.1,0.8,1.0,-0.020140226504427983,1.253089082708207,0.5914371645139851,0.41040886465000037,0.42329891060410063,0.15144232228337728,0.3147798469099064,5.860026276889359,19.94831676773567
TROW,garch_t,2,1.2695830042912515,GARCH_T,1234,0.1,0.8,1.0,-0.1306254843123487,1.3051394541176629,0.5786482950538685,0.07655519219104737,0.02744762261558404,0.2969314668067404,0.29109886376917904,6.273778078491855,22.118217969706535
TRV,garch_t,1,0.8005805813173268,GARCH_T,1234,0.1,0.8,1.0,-0.11134561118273395,0.7878141069075386,0.23132954359027869,2.7380049939586306e-5,5.424403281625808e-8,0.6903758881991782,0.3653499209711712,7.567135391802076,20.158925498474233
TRV,garch_t,2,0.8005805813173268,GARCH_T,1234,0.1,0.8,1.0,0.053624184897797716,0.8153782262488702,0.3347547653816848,5.7995008305928566e-5,4.74643950738462e-6,0.44774115675217907,0.3162317678285888,4.209094516483972,14.922528815762764
TSCO,garch_t,1,0.8385534836472981,GARCH_T,1234,0.1,0.8,1.0,0.05904582513259797,0.8478766371462528,0.281097323423933,0.7126714552657516,0.8400841249687047,0.11636775710992385,0.315486609205704,5.073671915213435,19.215850064473564
TSCO,garch_t,2,0.8385534836472981,GARCH_T,1234,0.1,0.8,1.0,0.028206729581591483,0.8357278484273465,0.19028756413543801,0.3058498487511271,0.16176802793524034,0.28730791526695354,0.3823663576533989,68.00118867906973,27.5784793498546
TSLA,garch_t,1,1.5261745552224877,GARCH_T,1234,0.1,0.8,1.0,0.375490802803898,1.4455511192229304,0.19019315175337426,0.09376436847831691,0.17784350513409214,0.35434973952742815,0.32463231784619084,6.782504842666659,82.55112719172223
TSLA,garch_t,2,1.5261745552224877,GARCH_T,1234,0.1,0.8,1.0,0.11075538765419299,1.5208346890577484,0.21775404582914415,0.7349033282832016,0.6508372783968579,0.27264134306078575,0.3154633680282937,3.5329088468455323,79.8084288885392
TSN,garch_t,1,0.625997168492503,GARCH_T,1234,0.1,0.8,1.0,-0.11916618401749011,0.6159729446865139,0.15155457742285838,0.18643316604659413,0.09737741236553651,0.24473755456483962,0.3183491975524154,8.07395496836317,18.810710114525808
TSN,garch_t,2,0.625997168492503,GARCH_T,1234,0.1,0.8,1.0,0.03505751060772111,0.6481807667126139,0.174796716291011,0.46984032119867625,0.5243006888300508,0.21030020600387322,0.3320982457660639,15.115780812801273,18.059677266861442
TTWO,garch_t,1,0.8889649312431563,GARCH_T,1234,0.1,0.8,1.0,-0.004717256311290843,0.9000873729953713,0.24842980642876022,0.24734503920203368,0.1664009410223814,0.28879320392027613,0.28951373742353587,3.8284990705372506,24.502850588917887
TTWO,garch_t,2,0.8889649312431563,GARCH_T,1234,0.1,0.8,1.0,0.1344865292315336,0.8704997217248909,0.17675005070191774,0.3916118088859156,0.6075658356408732,0.16109984569399513,0.34327347798741553,29.486545408472963,32.21281664748306
TXN,garch_t,1,1.1770492409528939,GARCH_T,1234,0.1,0.8,1.0,-0.07580856363117132,1.1702359705784229,0.5456714993961307,0.3058498487511271,0.47561263622851896,0.1481175043989466,0.3244549514253911,6.9495540533907825,18.856739000251686
TXN,garch_t,2,1.1770492409528939,GARCH_T,1234,0.1,0.8,1.0,0.020962470762737412,1.1933318797944612,0.544524322397705,0.41040886465000037,0.4825784573001316,0.13174880271018474,0.31887866417203736,5.171543834619758,19.649711439475478
TXT,garch_t,1,1.2824946833490594,GARCH_T,1234,0.1,0.8,1.0,0.00012127798758751474,1.247206929621626,0.42808801132599816,0.04318053713185714,0.018893697508406016,0.3726523253974742,0.35572121517533095,8.33228282164285,27.30202998388269
TXT,garch_t,2,1.2824946833490594,GARCH_T,1234,0.1,0.8,1.0,-0.09659058749308641,1.2962042000540268,0.5706976107363098,0.06663316470800919,0.11560426645070837,0.30035135532436835,0.33603350042164976,6.305205003847453,22.120338512739142
TYL,garch_t,1,0.9455779392440926,GARCH_T,1234,0.1,0.8,1.0,0.040527777790359654,0.9868544368646341,0.35507592787674336,0.8389267727157635,0.7029085861596509,0.15995639522665978,0.3096044355591148,4.3701768727660735,20.608004470538106
TYL,garch_t,2,0.9455779392440926,GARCH_T,1234,0.1,0.8,1.0,0.009274979481283752,0.9913640958601595,0.327651848096865,0.06663316470800919,0.11083045208166042,0.23790910322449463,0.3700279795338644,4.776458804382965,22.537447322336035
UA,garch_t,1,1.3181792212699142,GARCH_T,1234,0.1,0.8,1.0,-0.19847241548154695,1.3011310331726598,0.13268763631818925,0.4297261921140966,0.32454615630284034,0.5047104535344524,0.4281785394432727,83.03051555202444,95.86555422418263
UA,garch_t,2,1.3181792212699142,GARCH_T,1234,0.1,0.8,1.0,-0.221379842030495,1.37170838157076,0.24669819969597273,0.12162792605187567,0.3134400477119201,0.478819865760687,0.3747783099337029,6.046000170358107,57.307119417192496
UAL,garch_t,1,1.4265003907070164,GARCH_T,1234,0.1,0.8,1.0,0.0108714843951912,1.42783677974199,0.2969145827568449,0.062097799744532806,0.15300482606716737,0.4073337463651576,0.3196096462039156,4.907354365208214,51.59131240607231
UAL,garch_t,2,1.4265003907070164,GARCH_T,1234,0.1,0.8,1.0,-0.036969594408723785,1.408295263280545,0.20134522940622834,0.0005864969688548805,3.7006118653001356e-5,0.9525133870638705,0.36233529645824497,5.647588572508253,74.01113552928882
UDR,garch_t,1,0.8012490661005255,GARCH_T,1234,0.1,0.8,1.0,-0.03874534866837205,0.7581382177563974,0.3207650541140705,0.025187614314172872,0.006983302327715539,0.3223538712114267,0.2523635962848909,2.341836249299239,13.463584692507437
UDR,garch_t,2,0.8012490661005255,GARCH_T,1234,0.1,0.8,1.0,-0.0303110094222789,0.7568858774723639,0.3546412983229207,0.1295656630122878,0.12711585938344652,0.25002668924972904,0.2904984239582246,3.484693318068641,12.137310716729099
UHS,garch_t,1,1.0437971294174135,GARCH_T,1234,0.1,0.8,1.0,-0.033107953621206,1.0783266141275498,0.3215105951034911,0.0030319855827718417,0.0003898367726020298,0.5082677027908121,0.3246919954201468,6.011122200548016,27.174172842983843
UHS,garch_t,2,1.0437971294174135,GARCH_T,1234,0.1,0.8,1.0,-0.15920403390462082,0.9896302942994148,0.24120527768373434,0.004441519053703021,0.003428591881110952,0.39323972697692794,0.37059440630317614,18.45232393109323,30.50774663672991
ULTA,garch_t,1,1.052504995824606,GARCH_T,1234,0.1,0.8,1.0,0.11697385996637687,1.044673912833985,0.2699667557354588,0.06663316470800919,0.024193468627929572,0.4560778541250103,0.30039145625834174,5.558918270032873,30.37401384340474
ULTA,garch_t,2,1.052504995824606,GARCH_T,1234,0.1,0.8,1.0,-0.022472306309193044,1.0534651090110978,0.24997487559211062,0.010051271572415223,0.00844284168319269,0.48917947383156096,0.32574723653012894,8.498111547485461,33.357609939618165
UNG,garch_t,1,0.25465195847508804,GARCH_T,1234,0.1,0.8,1.0,-0.02886639522938979,0.27384953700660963,0.006348554058639433,0.10017541553538539,0.07087647144664275,0.7237264406742909,0.36968715535136915,6.054473712658616,88.7565013097148
UNG,garch_t,2,0.25465195847508804,GARCH_T,1234,0.1,0.8,1.0,-0.33969359368343816,0.21680862865581815,0.0031889397043768364,0.06663316470800919,0.00038496747010917604,1.3395793504381397,0.34575274906969095,4.808098793246085,110.75358467492252
UNH,garch_t,1,0.8527023753438884,GARCH_T,1234,0.1,0.8,1.0,0.08088388806327743,0.8411750885500142,0.3263158212118874,0.02948788540358457,0.03958317742759167,0.2355779717634767,0.3120816729318714,4.422056525271414,16.292421934866162
UNH,garch_t,2,0.8527023753438884,GARCH_T,1234,0.1,0.8,1.0,0.004910181784272091,0.82624759595501,0.30715853988369746,0.011956019270146695,0.013457548847302754,0.2858584650834995,0.3245776681738658,4.101350138774387,16.69970493581277
UNP,garch_t,1,0.9573817850466523,GARCH_T,1234,0.1,0.8,1.0,-0.10195946218796273,0.9631047590676788,0.3857899006636163,0.2754788863305614,0.14312706719585142,0.2784930624104572,0.2918980754867443,28.05313974072277,18.065383185990772
UNP,garch_t,2,0.9573817850466523,GARCH_T,1234,0.1,0.8,1.0,-0.028999912281967702,0.9615192493323741,0.43850296647807485,0.5773186341936012,0.4933466734759736,0.1861876678395918,0.3145427119179194,5.383123736851013,15.841430813967865
URI,garch_t,1,1.5841021750403632,GARCH_T,1234,0.1,0.8,1.0,0.09482097766331246,1.5286029973680868,0.38572982592699134,0.9997042245955575,0.9999531229075718,0.1210496563962863,0.34759414596941896,9.690546368509505,45.51527455899076
URI,garch_t,2,1.5841021750403632,GARCH_T,1234,0.1,0.8,1.0,0.1632541614465622,1.5557711243184962,0.41330155469610563,0.9850359268412626,0.9644670378125489,0.15769513017950257,0.306821620040408,5.913678144555137,44.002297058546084
USB,garch_t,1,1.0963788288302583,GARCH_T,1234,0.1,0.8,1.0,-0.13612503327504874,1.1201347950552212,0.2744137685243463,3.2579850829650618e-6,2.1499143169141203e-9,1.0025049269262443,0.34598845522273813,5.591896020040997,34.35465982142229
USB,garch_t,2,1.0963788288302583,GARCH_T,1234,0.1,0.8,1.0,-0.21772054631833387,1.093041085657153,0.20788155178692824,8.522389206473861e-11,1.934055828064898e-17,1.476613352838276,0.318547845393713,6.541746985566135,43.18252148250476
V,garch_t,1,1.0619720767543,GARCH_T,1234,0.1,0.8,1.0,0.10178405661320512,1.0452394029480547,0.5795593561945698,0.040067061111044217,0.02719127619700935,0.24632328084058047,0.28574435319431046,5.501868792560062,14.16395699649212
V,garch_t,2,1.0619720767543,GARCH_T,1234,0.1,0.8,1.0,0.06888657140230578,1.0637431528730836,0.584182860543607,0.26113474774358525,0.13279720622637342,0.20951486918720452,0.3072251297275147,5.6098688288226395,14.55377708547766
VLO,garch_t,1,1.138624477475472,GARCH_T,1234,0.1,0.8,1.0,-0.06455553286608509,1.113485396679093,0.27164332547441394,0.040067061111044265,0.014297739680237403,0.46856883510757136,0.22928802755681402,1.6813428145415488,34.294224556099834
VLO,garch_t,2,1.138624477475472,GARCH_T,1234,0.1,0.8,1.0,0.0576623191741272,1.0854584744428357,0.20103169213842953,0.03187137419851474,0.0022032787554273,0.6007549040442611,0.32467376609901455,4.047522437042413,44.036508042116374
VMC,garch_t,1,0.999083941310085,GARCH_T,1234,0.1,0.8,1.0,0.08318077423759047,0.9582712980700641,0.3607697736530965,0.5997055233436897,0.5396995532386802,0.21067892941340907,0.2864817850552572,3.357154653833284,19.12483915947761
VMC,garch_t,2,0.999083941310085,GARCH_T,1234,0.1,0.8,1.0,-0.0161434797461074,0.9795265794558407,0.3654746503411891,0.8918463631300468,0.9576411818208619,0.13293962029876547,0.2757753763173639,3.196050691965336,19.72541573941461
VNO,garch_t,1,1.1100993772492966,GARCH_T,1234,0.1,0.8,1.0,-0.14650173817531548,1.1485792460970905,0.40761121253082433,0.20922832556926946,0.09012598116988944,0.41167660292445685,0.2893497873598526,4.209990036180052,24.31793995257003
VNO,garch_t,2,1.1100993772492966,GARCH_T,1234,0.1,0.8,1.0,-0.17713206235761592,1.1517579774544016,0.33490805243366883,0.014180648336000046,0.017595251532222567,0.3703383624872964,0.30069228467418224,4.77763804462778,29.761022125290058
VRSK,garch_t,1,0.8276453780596629,GARCH_T,1234,0.1,0.8,1.0,0.08152276986464661,0.8374861633991488,0.37935616439042597,0.08196799799134305,0.009412434441775728,0.2726303199506119,0.3353495054644509,14.701804762300174,13.891818801381831
VRSK,garch_t,2,0.8276453780596629,GARCH_T,1234,0.1,0.8,1.0,0.1026255528780475,0.8149582470706962,0.4439872288906751,0.24734503920203368,0.17477673812660152,0.18696572240478151,0.32101219912631307,4.9146375256615205,11.23960928647281
VRSN,garch_t,1,0.9650253736111933,GARCH_T,1234,0.1,0.8,1.0,-0.008242669867495292,0.9707115519132946,0.44961037839779183,0.667584748786672,0.4727121976677419,0.1793476096959874,0.2967141937981488,19.452644617197496,15.74689903165528
VRSN,garch_t,2,0.9650253736111933,GARCH_T,1234,0.1,0.8,1.0,-0.042266450305308956,0.9561268471158033,0.4611322479366339,0.26113474774358525,0.2741535165397599,0.17866589472271754,0.3329012674133104,4.736711303345475,14.895548705883687
VTR,garch_t,1,0.9503202899983323,GARCH_T,1234,0.1,0.8,1.0,-0.0023579215837037787,0.8494444092107789,0.2398117129499716,0.005352412613581746,0.000744879555627457,0.5448023083440184,0.29539992729411657,4.827841903240462,22.607394238996537
VTR,garch_t,2,0.9503202899983323,GARCH_T,1234,0.1,0.8,1.0,-0.19644580381816054,0.9610739535491069,0.3301453161818122,0.0003778674580763136,0.00011429512296454737,0.5761223012328471,0.28409242825533687,2.9247428734525567,21.02129413594265
VZ,garch_t,1,0.4570896852015942,GARCH_T,1234,0.1,0.8,1.0,-0.1863622086822995,0.469484668878572,0.16859327898636267,0.07655519219104727,0.11912430192937422,0.1529702449615045,0.3091470510334706,7.277036022295027,9.823212676004557
VZ,garch_t,2,0.4570896852015942,GARCH_T,1234,0.1,0.8,1.0,-0.0576974427105705,0.464078596892645,0.14311674640444727,0.3916118088859155,0.15711645153479684,0.18690316425233436,0.352822543870213,7.771544064511648,11.3069012379271
WAB,garch_t,1,1.0892442539989378,GARCH_T,1234,0.1,0.8,1.0,0.03844687237547331,1.0970393181355123,0.5366050728516046,0.11409307869420345,0.01069918338709365,0.44234525081709575,0.31330851502510654,6.215107881101536,16.8515784521046
WAB,garch_t,2,1.0892442539989378,GARCH_T,1234,0.1,0.8,1.0,0.004583875113683078,1.1157473205240742,0.4644949767939759,0.2754788863305614,0.2706527683311272,0.22471994407434132,0.33005364163907713,5.8176398717537126,20.137319367062542
WAT,garch_t,1,0.9363261257532608,GARCH_T,1234,0.1,0.8,1.0,0.09083991458523435,0.9304689993568865,0.24138233969820733,0.175787279262466,0.028118226010918488,0.41222570916442947,0.4165735822433445,20.075453308983565,26.949412274678146
WAT,garch_t,2,0.9363261257532608,GARCH_T,1234,0.1,0.8,1.0,0.05698656977321462,0.9136750124650908,0.3700992406175748,0.7349033282832016,0.7245382989098105,0.15930310632676564,0.3440370830609165,6.193758911226402,16.947914957096405
WEC,garch_t,1,0.4951254687761995,GARCH_T,1234,0.1,0.8,1.0,0.04499477363318781,0.5086915172000622,0.19676096125054787,0.005869317150287341,0.008930974776992768,0.280913763633489,0.2726482110330221,2.4060501817209516,9.881458018781544
WEC,garch_t,2,0.4951254687761995,GARCH_T,1234,0.1,0.8,1.0,-0.030281545376948212,0.5130735363710206,0.1860665891378236,0.0030319855827718417,0.011816410004016795,0.23950441943702103,0.27093612301448333,3.158097807924692,10.63020911152949
WM,garch_t,1,0.6255277607430912,GARCH_T,1234,0.1,0.8,1.0,0.08992375755977473,0.6313740620186458,0.36141889536513216,0.04318053713185714,0.019436005779985104,0.20049561595991422,0.3255286264448811,6.314263302886472,8.287310157817775
WM,garch_t,2,0.6255277607430912,GARCH_T,1234,0.1,0.8,1.0,0.014113787703457045,0.6337428791505126,0.35286242182801475,0.1295656630122878,0.033743711442295106,0.20069309842191602,0.2864850069871861,5.7528244974276745,8.552079886326688
WMB,garch_t,1,1.092352175004066,GARCH_T,1234,0.1,0.8,1.0,-0.1287970286400894,1.0768529813288108,0.24257233830191782,0.0030319855827718417,1.3346278027035619e-5,0.8675919518912594,0.2969577585248283,3.524644154692008,35.91885874446757
WMB,garch_t,2,1.092352175004066,GARCH_T,1234,0.1,0.8,1.0,-0.18980222150649823,1.0716118636349505,0.2910538861094202,0.0077057942026521765,0.0005532101868093414,0.6624914793610887,0.29572673668011884,3.450413767161365,29.64507804813101
WMT,garch_t,1,0.5134582351353854,GARCH_T,1234,0.1,0.8,1.0,0.006359018262166248,0.5219315878325416,0.233327384262912,0.7567984371807895,0.8927714129579021,0.11912600164471268,0.3789609729418346,4.95681165837436,8.772278786160502
WMT,garch_t,2,0.5134582351353854,GARCH_T,1234,0.1,0.8,1.0,0.12706116379415577,0.527127372991308,0.1889611555307107,0.5117470272646123,0.14356031728411045,0.1965464356378044,0.35655088914957167,14.214921221647778,11.048659169150664
WRB,garch_t,1,0.8065323106527313,GARCH_T,1234,0.1,0.8,1.0,0.02823126375655445,0.8178341143058717,0.37893801078450673,0.08196799799134305,0.015106223515751197,0.3040539876287035,0.2635938588625305,3.5274592581206194,13.262129004254996
WRB,garch_t,2,0.8065323106527313,GARCH_T,1234,0.1,0.8,1.0,0.008730571482112773,0.8001296379201173,0.4410114972568647,0.18643316604659413,0.25721974833712036,0.20064397365201975,0.2524011839346927,4.844402254733363,10.907413507457504
WST,garch_t,1,0.8659799933198599,GARCH_T,1234,0.1,0.8,1.0,-0.14111692430041148,0.8456594924767783,0.2046166846996742,0.469840321198676,0.4415580166230109,0.22838953536718345,0.4167067093152177,22.883160300270255,26.26037883817683
WST,garch_t,2,0.8659799933198599,GARCH_T,1234,0.1,0.8,1.0,0.11046975857069717,0.9221555808084841,0.3155179643605651,0.41040886465000037,0.4017929415732207,0.1917185669458449,0.3092589642254044,5.027282828665063,20.25047809452339
WU,garch_t,1,0.826972790672776,GARCH_T,1234,0.1,0.8,1.0,-0.09583074966664774,0.8416250444336806,0.26381365158963377,0.07144798192849836,0.04794992653686093,0.26650863722453744,0.3431088708229507,9.635176738219455,20.173953245243528
WU,garch_t,2,0.826972790672776,GARCH_T,1234,0.1,0.8,1.0,-0.19099032544296596,0.8223669566073494,0.31839121647182733,0.005352412613581746,0.06180205425979636,0.22558645784982198,0.3328289137408646,7.923593549983577,15.959570500442101
WY,garch_t,1,1.2183664297292056,GARCH_T,1234,0.1,0.8,1.0,-0.1297634472232007,1.2521386245860189,0.5328150656789491,0.02726292028609378,0.0009149233662036842,0.49283922784579887,0.2729122646087181,3.916103312289767,22.109519431465706
WY,garch_t,2,1.2183664297292056,GARCH_T,1234,0.1,0.8,1.0,-0.1439188948554542,1.1817483755738873,0.48847438354972117,0.008425570156687547,0.00032151830730158047,0.5214862094348396,0.25146866497326026,3.2852443453572393,21.481233156136657
WYNN,garch_t,1,1.4337914954545081,GARCH_T,1234,0.1,0.8,1.0,-0.3610249632713408,1.4610941907346375,0.2625434814415757,0.1467062114948388,0.07186689503253288,0.41586265781699416,0.3167494841585754,7.170306858905613,61.09506941699013
WYNN,garch_t,2,1.4337914954545081,GARCH_T,1234,0.1,0.8,1.0,-0.2862659092287201,1.4230942653212635,0.18049488144294157,0.0008998449339082089,2.1329642113727676e-5,1.071898606432722,0.3612238105617745,12.29230013585688,84.30501715190259
XEL,garch_t,1,0.5362746588021697,GARCH_T,1234,0.1,0.8,1.0,0.02995165135457619,0.5243146998729492,0.21005133636994944,0.013025618742549662,0.01447386208787641,0.2565155627269321,0.23628121350961015,1.6353670508548053,9.83353331269567
XEL,garch_t,2,0.5362746588021697,GARCH_T,1234,0.1,0.8,1.0,0.04684357126970036,0.5525673397507287,0.22310634460386936,0.08196799799134305,0.029083738136402627,0.23711266916795212,0.2319677514144709,1.6559404479923314,10.282754738112391
XOM,garch_t,1,0.8718562124184289,GARCH_T,1234,0.1,0.8,1.0,-0.1357387019049183,0.7976525467481621,0.12607140136357475,5.887495086400339e-12,4.3498970088054885e-20,1.4580657623478022,0.2800910896024894,4.216120608244834,37.91943925211328
XOM,garch_t,2,0.8718562124184289,GARCH_T,1234,0.1,0.8,1.0,-0.09042099403306057,0.8711319002324883,0.3354509892996852,0.2903827290319627,0.3578186444214457,0.18082320678985642,0.29973546533379847,7.115279591073465,16.997683275291898
XRAY,garch_t,1,0.850232327718756,GARCH_T,1234,0.1,0.8,1.0,-0.17441626425519355,0.8409360095232681,0.15420788928067564,0.2903827290319627,0.08269224425617744,0.465998949518445,0.4809190389696766,24.905972375645653,34.45643019508694
XRAY,garch_t,2,0.850232327718756,GARCH_T,1234,0.1,0.8,1.0,-0.13046424050843725,0.7702675400264429,0.1219662084298031,0.1295656630122877,0.05510767145535448,0.4602972976518735,0.4477813198420336,99.76596773584222,36.550611271999955
XYL,garch_t,1,1.0809379950790041,GARCH_T,1234,0.1,0.8,1.0,0.0287006888499753,1.0648141741765633,0.4671429984236032,0.3916118088859155,0.48467850153151365,0.1523702980895983,0.3393986835919452,7.306516947947706,18.236805975748602
XYL,garch_t,2,1.0809379950790041,GARCH_T,1234,0.1,0.8,1.0,-0.06606754200053279,1.1179569351932928,0.46309162269763626,0.053815093802986165,0.013479989018874953,0.31387542083120246,0.3310600764987486,7.4512970605858015,20.278423959630505
YUM,garch_t,1,0.8134320299893347,GARCH_T,1234,0.1,0.8,1.0,-0.03263290930688478,0.8285986331860384,0.23103057767438107,0.09376436847831691,0.02377102502263823,0.26972034211143964,0.3789328549214781,175.16386214695072,22.329034028276116
YUM,garch_t,2,0.8134320299893347,GARCH_T,1234,0.1,0.8,1.0,0.024970082900006116,0.8104960386736789,0.39356661299879403,0.02948788540358457,0.010482557333058884,0.29765832250010665,0.3302133014671947,4.748636288297088,12.541067872504945
ZBRA,garch_t,1,1.335285824095003,GARCH_T,1234,0.1,0.8,1.0,0.1290257422624158,1.3533473773831994,0.3844758700107558,0.9073133476228828,0.9033241312820165,0.20324834777308515,0.3806164532597417,13.03234211000181,35.793194256704204
ZBRA,garch_t,2,1.335285824095003,GARCH_T,1234,0.1,0.8,1.0,0.06890210609027864,1.3506469463554671,0.3725768650921022,0.9073133476228827,0.891099754937459,0.18727570145352976,0.3690735615708464,19.74119768089805,36.78906686628833
ZION,garch_t,1,1.2124327223899558,GARCH_T,1234,0.1,0.8,1.0,-0.17124593017628714,1.3020243417210515,0.3331830530119637,0.6675847487866718,0.405598931596645,0.28563272168699905,0.3193441057915798,4.724334527359939,38.230174310637956
ZION,garch_t,2,1.2124327223899558,GARCH_T,1234,0.1,0.8,1.0,-0.08698164425977817,1.222817943051769,0.353761953524224,0.6675847487866718,0.5474611405480114,0.22996431438745998,0.3014238682583223,2.7730016497989194,31.75875408296688
ZTS,garch_t,1,0.9284116916980968,GARCH_T,1234,0.1,0.8,1.0,-0.013283319396350954,0.959937515206845,0.2934152334539355,0.44954451693235176,0.1734080253372928,0.2704890308013325,0.3698104593522431,61.58412524443635,23.596861636717975
ZTS,garch_t,2,0.9284116916980968,GARCH_T,1234,0.1,0.8,1.0,0.0827308740170751,0.9334636544390873,0.345323137262187,0.07655519219104737,0.0491063735867381,0.25029895979478173,0.34859962855557647,11.703009058515688,18.959204990074394
